insert into EVENT (ID, NAME, IS_GROUP, PARENT_GROUP)
values  (6, 'TestBRC', true, null);

insert into EVENT (ID, NAME, IS_GROUP, PARENT_GROUP)
values  (2, '2025', false, 6),
        (1, '2026', false, 6),
        (3, '2031', false, 6),
        (4, '2032', false, 6),
        (5, 'Test', false, null);

insert into CONCENTRIC_STREET (EVENT, ID, NAME)
values  (1, '0', 'Esplanade'),
        (1, '1', 'Alfa'),
        (1, '2', 'Bravo'),
        (1, '3', 'Charlie'),
        (1, '4', 'Delta'),
        (1, '5', 'Echo'),
        (1, '6', 'Foxtrot'),
        (4, '0', 'Esplanade'),
        (4, '1', 'Arcade'),
        (4, '2', 'Ballyhoo'),
        (4, '3', 'Carny'),
        (4, '4', 'Donniker'),
        (4, '5', 'Ersatz');

insert into EVENT_ACCESS (ID, EVENT, EXPRESSION, MODE, VALIDITY)
values  (1, 6, '*', 'write', 'always'),
        (2, 2, '*', 'read', 'always'),
        (3, 3, '*', 'report', 'always'),
        (4, 4, '*', 'write', 'always');

insert into INCIDENT (EVENT, NUMBER, CREATED, PRIORITY, STATE, STARTED, SUMMARY, LOCATION_NAME, LOCATION_CONCENTRIC, LOCATION_RADIAL_HOUR, LOCATION_RADIAL_MINUTE, LOCATION_DESCRIPTION)
values  (1, 1, 1748459852.644699, 3, 'dispatched', 1748459852.644699, 'Something bad 2025!', 'Dog Camp', null, null, null, null),
        (1, 2, 1748460242.68441, 3, 'new', 1748460242.68441, 'Report from the field 2025', null, null, null, null, null),
        (1, 3, 1756339200.123456, 3, 'new', 1756339200.123456, 'Lost participant near sound camps', 'Camp Questionmark', '2', 9, 30, 'Near the main stage area'),
        (1, 4, 1756342800.234567, 2, 'dispatched', 1756342800.234567, 'Medical request - heat exhaustion', null, '3', 3, 0, 'Open playa near art installation'),
        (1, 5, 1756346400.345678, 4, 'on_scene', 1756346400.345678, 'Noise complaint from neighbors', 'Thunder Dome', '1', 6, 15, null),
        (1, 6, 1756350000.456789, 3, 'closed', 1756350000.456789, 'Suspicious activity reported', null, '4', 7, 45, 'Behind the porto potties'),
        (1, 7, 1756353600.567890, 1, 'dispatched', 1756353600.567890, 'Structure fire at theme camp', 'Burn Garden', '5', 4, 30, 'Main dome structure'),
        (1, 8, 1756357200.678901, 3, 'new', 1756357200.678901, 'Lost child - 8 year old boy', 'Kidsville', '0', 5, 0, 'Near the playground'),
        (1, 9, 1756360800.789012, 5, 'on_hold', 1756360800.789012, 'Request for water delivery', 'Dusty Oasis', '2', 8, 0, null),
        (1, 10, 1756364400.890123, 3, 'dispatched', 1756364400.890123, 'Bicycle theft reported', null, '1', 10, 30, 'At the bike rack near entrance'),
        (1, 11, 1756368000.901234, 2, 'on_scene', 1756368000.901234, 'Medical - possible broken ankle', 'Center Camp', '0', 6, 0, 'Near the rebar stakes'),
        (1, 12, 1756425600.012345, 4, 'new', 1756425600.012345, 'Loud generator after quiet hours', 'RV Row', '6', 2, 15, null),
        (1, 13, 1756429200.123456, 3, 'closed', 1756429200.123456, 'Found wallet with ID', null, '3', 11, 0, 'Near Ranger station'),
        (1, 14, 1756432800.234567, 2, 'dispatched', 1756432800.234567, 'Dehydrated participant needs transport', 'Dustfish', '4', 7, 30, 'Under shade structure near entrance'),
        (1, 15, 1756436400.345678, 3, 'on_scene', 1756436400.345678, 'Dispute between neighbors over shade', null, '2', 4, 45, 'Between two camps'),
        (1, 16, 1756440000.456789, 5, 'new', 1756440000.456789, 'Lost dog - small white terrier', 'Barking Lot', '1', 9, 0, 'Near the dog watering station'),
        (1, 17, 1756443600.567890, 3, 'closed', 1756443600.567890, 'Welfare check requested', 'Camp Sunscreen', '5', 3, 30, 'Third tent from corner'),
        (1, 18, 1756447200.678901, 1, 'dispatched', 1756447200.678901, 'Vehicle accident on road', null, '0', 12, 0, 'Main road intersection'),
        (1, 19, 1756450800.789012, 4, 'on_hold', 1756450800.789012, 'MOOP violation - glitter everywhere', 'Sparkle Pony Corral', '3', 8, 15, null),
        (1, 20, 1756454400.890123, 3, 'new', 1756454400.890123, 'Unattended fire pit', null, '2', 5, 30, 'Center of camp area'),
        (1, 21, 1756512000.901234, 2, 'dispatched', 1756512000.901234, 'Medical - severe sunburn', 'Naked Heart', '4', 10, 0, 'Open area near bar'),
        (1, 22, 1756515600.012345, 3, 'on_scene', 1756515600.012345, 'Abandoned bicycle blocking path', null, '1', 6, 45, 'Main walking path'),
        (1, 23, 1756519200.123456, 4, 'closed', 1756519200.123456, 'Sound complaint - bass too loud', 'Camp Bass Face', '6', 7, 0, 'Front speaker array'),
        (1, 24, 1756522800.234567, 3, 'new', 1756522800.234567, 'Lost keys to RV', 'RV parking area', '5', 2, 30, 'Near row C'),
        (1, 25, 1756526400.345678, 2, 'dispatched', 1756526400.345678, 'Participant having panic attack', null, '3', 9, 15, 'Behind the shade structure'),
        (1, 26, 1756530000.456789, 5, 'on_hold', 1756530000.456789, 'Found child''s stuffed animal', 'Temple', '0', 12, 0, 'Front steps'),
        (1, 27, 1756533600.567890, 3, 'on_scene', 1756533600.567890, 'Art car blocking emergency lane', null, '1', 4, 0, 'Corner of emergency lane'),
        (1, 28, 1756537200.678901, 1, 'dispatched', 1756537200.678901, 'Unresponsive person in tent', 'Camp Anonymous', '2', 11, 30, 'Blue tent near back'),
        (1, 29, 1756540800.789012, 4, 'new', 1756540800.789012, 'Gray water dumping violation', null, '4', 8, 45, 'Near communal kitchen'),
        (1, 30, 1756544400.890123, 3, 'closed', 1756544400.890123, 'Minor cut from rebar', 'Metal Shop', '3', 5, 15, 'Work bench area'),
        (1, 31, 1756548000.901234, 2, 'on_scene', 1756548000.901234, 'Domestic dispute at camp', null, '5', 6, 30, 'Large hexayurt'),
        (1, 32, 1756551600.012345, 3, 'dispatched', 1756551600.012345, 'Lost participant - elderly man confused', 'Center Camp Cafe', '0', 6, 0, 'Near the coffee line'),
        (1, 33, 1756555200.111111, 2, 'new', 1756555200.111111, 'Medical - allergic reaction', 'Camp Anaphylaxis', '3', 7, 15, 'Kitchen prep area'),
        (1, 34, 1756558800.222222, 4, 'dispatched', 1756558800.222222, 'Runaway art car', null, '0', 10, 0, 'Heading toward deep playa'),
        (1, 35, 1756562400.333333, 3, 'on_scene', 1756562400.333333, 'Tent collapse during wind', 'Camp Windbreaker', '2', 4, 30, 'Northwest corner of camp'),
        (1, 36, 1756566000.444444, 5, 'closed', 1756566000.444444, 'Found prescription medication', null, '1', 8, 45, 'On the ground near bike path'),
        (1, 37, 1756569600.555555, 3, 'new', 1756569600.555555, 'Illegal vending reported', 'Capitalist Pig Camp', '4', 3, 0, 'Front of camp near street'),
        (1, 38, 1756573200.666666, 2, 'dispatched', 1756573200.666666, 'Heat stroke symptoms', null, '5', 9, 30, 'Open playa, no shade'),
        (1, 39, 1756576800.777777, 4, 'on_hold', 1756576800.777777, 'Damaged art installation', 'Playa Art Zone', '0', 12, 0, 'Base of sculpture'),
        (1, 40, 1756580400.888888, 3, 'on_scene', 1756580400.888888, 'Lost teenager - 15 year old girl', 'Kidsville', '6', 5, 15, 'Near the swing set'),
        (1, 41, 1756584000.999999, 1, 'dispatched', 1756584000.999999, 'Propane leak at camp', 'Flaming Lotus', '3', 6, 0, 'Behind main cooking area'),
        (1, 42, 1756587600.111111, 3, 'closed', 1756587600.111111, 'Noise complaint resolved', 'Bass Camp', '2', 7, 45, 'Main speaker tower'),
        (1, 43, 1756591200.222222, 4, 'new', 1756591200.222222, 'Unauthorized drone flying', null, '1', 11, 30, 'Above the crowd'),
        (1, 44, 1756594800.333333, 2, 'on_scene', 1756594800.333333, 'Assault reported', 'Camp Consent', '4', 2, 15, 'Inside main tent'),
        (1, 45, 1756598400.444444, 3, 'dispatched', 1756598400.444444, 'Bicycle collision with pedestrian', null, '5', 8, 0, 'At the crosswalk'),
        (1, 46, 1756602000.555555, 5, 'on_hold', 1756602000.555555, 'Lost camera equipment', 'Media Mecca', '0', 4, 45, 'Near equipment storage'),
        (1, 47, 1756605600.666666, 3, 'new', 1756605600.666666, 'Illegal fireworks', null, '6', 10, 30, 'Behind the camp fence'),
        (1, 48, 1756609200.777777, 2, 'closed', 1756609200.777777, 'Medical transport completed', 'Rampart', '3', 3, 15, 'Medical station entrance'),
        (1, 49, 1756612800.888888, 4, 'dispatched', 1756612800.888888, 'Unlicensed radio broadcast', 'Pirate Radio Camp', '2', 9, 0, 'Antenna on top of RV'),
        (1, 50, 1756616400.999999, 3, 'on_scene', 1756616400.999999, 'Domestic disturbance', null, '1', 5, 45, 'Small dome tent'),
        (1, 51, 1756620000.111111, 1, 'dispatched', 1756620000.111111, 'Structure fire - small', 'Burn Platform', '4', 6, 30, 'Single tent on east side'),
        (1, 52, 1756623600.222222, 3, 'new', 1756623600.222222, 'Found child - toddler alone', null, '5', 12, 0, 'Near the Man base'),
        (1, 53, 1756627200.333333, 4, 'on_hold', 1756627200.333333, 'Parking dispute', 'RV Alley', '0', 7, 15, 'Space 47'),
        (1, 54, 1756630800.444444, 2, 'on_scene', 1756630800.444444, 'Diabetic emergency', 'Camp Sugar Free', '6', 2, 0, 'Main shade structure'),
        (1, 55, 1756634400.555555, 3, 'closed', 1756634400.555555, 'Suspicious package - cleared', null, '3', 8, 45, 'Under a bench'),
        (1, 56, 1756638000.666666, 5, 'new', 1756638000.666666, 'Lost wallet', 'Center Camp', '2', 4, 30, 'Near the cafe counter'),
        (1, 57, 1756641600.777777, 3, 'dispatched', 1756641600.777777, 'Intoxicated person needs help', null, '1', 11, 15, 'Wandering near street'),
        (1, 58, 1756645200.888888, 2, 'on_scene', 1756645200.888888, 'Seizure in progress', 'Camp Medic', '4', 3, 0, 'Inside first aid tent'),
        (1, 59, 1756648800.999999, 4, 'dispatched', 1756648800.999999, 'Stolen generator', 'Power Camp', '5', 9, 45, 'Was chained to post'),
        (1, 60, 1756652400.111111, 3, 'closed', 1756652400.111111, 'Welfare check - all clear', null, '0', 5, 30, 'Red yurt'),
        (1, 61, 1756656000.222222, 1, 'new', 1756656000.222222, 'Vehicle vs pedestrian', 'Main Road', '6', 6, 0, 'Intersection near lamp post'),
        (1, 62, 1756659600.333333, 3, 'on_hold', 1756659600.333333, 'Camp boundary dispute', null, '3', 10, 15, 'Property line between camps'),
        (1, 63, 1756663200.444444, 4, 'on_scene', 1756663200.444444, 'Lost service animal', 'Camp Woof', '2', 7, 0, 'Dog sitting area'),
        (1, 64, 1756666800.555555, 2, 'dispatched', 1756666800.555555, 'Chest pain reported', null, '1', 2, 45, 'Sitting under shade tarp'),
        (1, 65, 1756670400.666666, 3, 'new', 1756670400.666666, 'Harassment complaint', 'Camp Respect', '4', 8, 30, 'Bar area'),
        (1, 66, 1756674000.777777, 5, 'closed', 1756674000.777777, 'Found bicycle', null, '5', 4, 15, 'Leaning against art piece'),
        (1, 67, 1756677600.888888, 3, 'on_scene', 1756677600.888888, 'Food poisoning suspected', 'Camp Kitchen', '0', 11, 0, 'Communal dining table'),
        (1, 68, 1756681200.999999, 2, 'dispatched', 1756681200.999999, 'Severe laceration', null, '6', 3, 45, 'Near metal sculpture'),
        (1, 69, 1756684800.111111, 4, 'new', 1756684800.111111, 'Illegal camping outside city', 'Perimeter', '3', 9, 30, 'About 1 mile from trash fence'),
        (1, 70, 1756688400.222222, 3, 'on_hold', 1756688400.222222, 'Lost prescription glasses', 'Temple', '2', 5, 0, 'East entrance'),
        (1, 71, 1756692000.333333, 1, 'on_scene', 1756692000.333333, 'Unresponsive in porta potty', null, '1', 6, 15, 'Row 3, unit 7'),
        (1, 72, 1756695600.444444, 3, 'closed', 1756695600.444444, 'Sound complaint - music stopped', 'Quiet Camp', '4', 12, 0, 'Eastern boundary'),
        (1, 73, 1756699200.555555, 4, 'dispatched', 1756699200.555555, 'Graffiti on art car', null, '5', 7, 45, 'Driver side door'),
        (1, 74, 1756702800.666666, 2, 'new', 1756702800.666666, 'Breathing difficulty', 'Dust Camp', '0', 2, 30, 'Central gathering space'),
        (1, 75, 1756706400.777777, 3, 'on_scene', 1756706400.777777, 'Verbal altercation escalating', null, '6', 8, 0, 'Open area between camps'),
        (1, 76, 1756710000.888888, 5, 'on_hold', 1756710000.888888, 'Lost phone', 'Dance Floor Alpha', '3', 4, 15, 'Near DJ booth'),
        (1, 77, 1756713600.999999, 3, 'dispatched', 1756713600.999999, 'Camping in fire lane', null, '2', 11, 30, 'Fire lane marker 12'),
        (1, 78, 1756717200.111111, 2, 'closed', 1756717200.111111, 'Medical - ankle sprain', 'First Aid', '1', 3, 45, 'Treatment area B'),
        (1, 79, 1756720800.222222, 4, 'new', 1756720800.222222, 'Unattended cooler on playa', null, '4', 9, 0, 'Open playa near trash fence'),
        (1, 80, 1756724400.333333, 3, 'on_scene', 1756724400.333333, 'Dispute over shared generator', 'Power Share Camp', '5', 5, 15, 'Generator shed'),
        (1, 81, 1756728000.444444, 1, 'dispatched', 1756728000.444444, 'Unconscious person', null, '0', 6, 30, 'On the ground near bike rack'),
        (1, 82, 1756731600.555555, 3, 'new', 1756731600.555555, 'Reckless driving - art car', 'Main Thoroughfare', '6', 10, 45, 'Near the intersection'),
        (1, 83, 1756735200.666666, 4, 'on_hold', 1756735200.666666, 'Lost hearing aid', null, '3', 7, 0, 'Somewhere in the dust'),
        (1, 84, 1756738800.777777, 2, 'on_scene', 1756738800.777777, 'Dehydration - confused speech', 'Shade Structure', '2', 2, 15, 'Under main canopy'),
        (1, 85, 1756742400.888888, 3, 'closed', 1756742400.888888, 'Found child reunited', 'Kidsville', '1', 8, 30, 'Info booth'),
        (1, 86, 1756746000.999999, 5, 'dispatched', 1756746000.999999, 'Abandoned bicycle pile', null, '4', 4, 45, 'Blocking main walkway'),
        (1, 87, 1756749600.111111, 3, 'new', 1756749600.111111, 'Aggressive panhandling', 'Center Camp Cafe', '5', 11, 0, 'At the entrance'),
        (1, 88, 1756753200.222222, 2, 'on_scene', 1756753200.222222, 'Eye injury from dust', null, '0', 3, 15, 'Near dust devil path'),
        (1, 89, 1756756800.333333, 4, 'dispatched', 1756756800.333333, 'Illegal burn - daytime', 'Rogue Camp', '6', 9, 30, 'Fire pit area'),
        (1, 90, 1756760400.444444, 3, 'on_hold', 1756760400.444444, 'Lost passport', null, '3', 5, 45, 'Last seen at temple'),
        (1, 91, 1756764000.555555, 1, 'new', 1756764000.555555, 'Major laceration - heavy bleeding', 'Art Build', '2', 6, 0, 'Power tool work area'),
        (1, 92, 1756767600.666666, 3, 'closed', 1756767600.666666, 'Noise resolved - generator off', null, '1', 10, 15, 'Camp back corner'),
        (1, 93, 1756771200.777777, 4, 'on_scene', 1756771200.777777, 'Illegal substance found', 'Lost and Found', '4', 7, 30, 'Drop box area'),
        (1, 94, 1756774800.888888, 2, 'dispatched', 1756774800.888888, 'Hyperthermia symptoms', null, '5', 2, 45, 'No shade nearby'),
        (1, 95, 1756778400.999999, 3, 'new', 1756778400.999999, 'Stalking behavior reported', 'Camp Safety', '0', 8, 0, 'Perimeter of camp'),
        (1, 96, 1756782000.111111, 5, 'on_hold', 1756782000.111111, 'Lost costume pieces', null, '6', 4, 15, 'Near costume lending library'),
        (1, 97, 1756785600.222222, 3, 'on_scene', 1756785600.222222, 'Camp flooding from gray water', 'Splash Zone', '3', 11, 30, 'Near broken evap pond'),
        (1, 98, 1756789200.333333, 2, 'closed', 1756789200.333333, 'Medical transport to hospital', null, '2', 3, 45, 'Ambulance staging area'),
        (1, 99, 1756792800.444444, 4, 'dispatched', 1756792800.444444, 'Photo harassment', 'No Photo Camp', '1', 9, 0, 'At camp entrance'),
        (1, 100, 1756796400.555555, 3, 'new', 1756796400.555555, 'Generator fuel spill', null, '4', 5, 15, 'Behind generator area'),
        (1, 101, 1756800000.666666, 1, 'on_scene', 1756800000.666666, 'Heart attack symptoms', 'Camp Cardio', '5', 6, 30, 'Inside main dome'),
        (1, 102, 1756803600.777777, 3, 'on_hold', 1756803600.777777, 'Lost wedding ring', null, '0', 10, 45, 'Somewhere near temple'),
        (1, 103, 1756807200.888888, 4, 'dispatched', 1756807200.888888, 'Underage drinking', 'Party Camp', '6', 7, 0, 'Back bar area'),
        (1, 104, 1756810800.999999, 2, 'new', 1756810800.999999, 'Allergic reaction - severe', null, '3', 2, 15, 'Food service area'),
        (1, 105, 1756814400.111111, 3, 'closed', 1756814400.111111, 'Bike returned to owner', 'Bike Repair', '2', 8, 30, 'At repair stand'),
        (1, 106, 1756818000.222222, 5, 'on_scene', 1756818000.222222, 'Shade structure unstable', null, '1', 4, 45, 'Large parachute shade'),
        (1, 107, 1756821600.333333, 3, 'dispatched', 1756821600.333333, 'Lost elderly participant', 'Senior Camp', '4', 11, 0, 'Near accessible ramp'),
        (1, 108, 1756825200.444444, 2, 'on_hold', 1756825200.444444, 'Severe back pain', null, '5', 3, 15, 'Inside large tent'),
        (1, 109, 1756828800.555555, 4, 'new', 1756828800.555555, 'Illegal commerce - ticket scalping', 'Gate Road', '0', 9, 30, 'Near gate entrance'),
        (1, 110, 1756832400.666666, 3, 'on_scene', 1756832400.666666, 'Verbal threats made', null, '6', 5, 45, 'Between two RVs'),
        (1, 111, 1756836000.777777, 1, 'closed', 1756836000.777777, 'Fire extinguished', 'Burn Barrel', '3', 6, 0, 'Contained burn area'),
        (1, 112, 1756839600.888888, 3, 'dispatched', 1756839600.888888, 'Lost child - 6 year old', null, '2', 10, 15, 'Last seen near art car'),
        (1, 113, 1756843200.999999, 4, 'new', 1756843200.999999, 'Loud argument at 4am', 'Sleepy Hollow', '1', 7, 30, 'Center of quiet camp'),
        (1, 114, 1756846800.111111, 2, 'on_scene', 1756846800.111111, 'Broken leg suspected', null, '4', 2, 45, 'Base of art car'),
        (1, 115, 1756850400.222222, 3, 'on_hold', 1756850400.222222, 'Missing cooler full of food', 'Camp Feast', '5', 8, 0, 'Was near kitchen tent'),
        (1, 116, 1756854000.333333, 5, 'closed', 1756854000.333333, 'Found keys returned', null, '0', 4, 15, 'Turned in at lost and found'),
        (1, 117, 1756857600.444444, 3, 'dispatched', 1756857600.444444, 'Unsafe fire spinning', 'Flow Arts', '6', 11, 30, 'Performance circle'),
        (1, 118, 1756861200.555555, 2, 'new', 1756861200.555555, 'Hypothermia - night exposure', null, '3', 3, 45, 'Open playa, no shelter'),
        (1, 119, 1756864800.666666, 4, 'on_scene', 1756864800.666666, 'Theft from tent', 'Camp Trust', '2', 9, 0, 'Personal sleeping tent'),
        (1, 120, 1756868400.777777, 3, 'on_hold', 1756868400.777777, 'Lost medication - insulin', null, '1', 5, 15, 'Left in cooler somewhere'),
        (1, 121, 1756872000.888888, 1, 'dispatched', 1756872000.888888, 'Multiple vehicle accident', 'Art Car Parade', '4', 6, 30, 'Parade route intersection'),
        (1, 122, 1756875600.999999, 3, 'closed', 1756875600.999999, 'Neighbor dispute resolved', null, '5', 10, 45, 'Shared camp boundary'),
        (1, 123, 1756879200.111111, 4, 'new', 1756879200.111111, 'Illegal laser pointed at aircraft', 'Star Camp', '0', 7, 0, 'Observation tower'),
        (1, 124, 1756882800.222222, 2, 'on_scene', 1756882800.222222, 'Drug overdose suspected', null, '6', 2, 15, 'Inside private tent'),
        (1, 125, 1756886400.333333, 3, 'dispatched', 1756886400.333333, 'Missing person - adult', 'Camp Reunion', '3', 8, 30, 'Last seen at camp entrance'),
        (1, 126, 1756890000.444444, 5, 'on_hold', 1756890000.444444, 'Found bag of clothes', null, '2', 4, 45, 'Near temple entrance'),
        (1, 127, 1756893600.555555, 3, 'new', 1756893600.555555, 'Unleashed aggressive dog', 'Dog Run', '1', 11, 0, 'Dog exercise area'),
        (1, 128, 1756897200.666666, 2, 'closed', 1756897200.666666, 'Panic attack resolved', null, '4', 3, 15, 'Quiet corner of camp'),
        (1, 129, 1756900800.777777, 4, 'on_scene', 1756900800.777777, 'Art installation hazard', 'Danger Art', '5', 9, 30, 'North side of sculpture'),
        (1, 130, 1756904400.888888, 3, 'dispatched', 1756904400.888888, 'Domestic violence report', null, '0', 5, 45, 'Private RV'),
        (1, 131, 1756908000.999999, 1, 'new', 1756908000.999999, 'Electrocution - minor shock', 'LED Camp', '6', 6, 0, 'At electrical panel'),
        (1, 132, 1756911600.111111, 3, 'on_hold', 1756911600.111111, 'Lost inhaler', null, '3', 10, 15, 'Possibly at dance floor'),
        (1, 133, 1756915200.222222, 4, 'closed', 1756915200.222222, 'Sound check completed', 'Sound Camp', '2', 7, 30, 'Main stage'),
        (1, 134, 1756918800.333333, 2, 'on_scene', 1756918800.333333, 'Compound fracture', null, '1', 2, 45, 'Near construction debris'),
        (1, 135, 1756922400.444444, 3, 'dispatched', 1756922400.444444, 'Sexual assault reported', 'Safe Space', '4', 8, 0, 'Private support tent'),
        (1, 136, 1756926000.555555, 5, 'new', 1756926000.555555, 'Lost art piece', null, '5', 4, 15, 'Was displayed on table'),
        (1, 137, 1756929600.666666, 3, 'on_hold', 1756929600.666666, 'Gray water leak ongoing', 'Camp Drip', '0', 11, 30, 'Near evaporation pond'),
        (1, 138, 1756933200.777777, 2, 'closed', 1756933200.777777, 'Heat exhaustion treated', null, '6', 3, 45, 'Under medical shade tent'),
        (1, 139, 1756936800.888888, 4, 'on_scene', 1756936800.888888, 'Counterfeit tickets', 'Gate', '3', 9, 0, 'Will call window'),
        (1, 140, 1756940400.999999, 3, 'dispatched', 1756940400.999999, 'Bike vs bike collision', null, '2', 5, 15, 'Bike path intersection'),
        (1, 141, 1756944000.111111, 1, 'new', 1756944000.111111, 'Severe allergic reaction', 'Food Camp', '1', 6, 30, 'Dining area'),
        (1, 142, 1756947600.222222, 3, 'on_hold', 1756947600.222222, 'Noise from generator', null, '4', 10, 45, 'Back of camp near generator'),
        (1, 143, 1756951200.333333, 4, 'closed', 1756951200.333333, 'Lost person found', 'Info Booth', '5', 7, 0, 'At information kiosk'),
        (1, 144, 1756954800.444444, 2, 'on_scene', 1756954800.444444, 'Burn injury - first degree', null, '0', 2, 15, 'Near fire sculpture'),
        (1, 145, 1756958400.555555, 3, 'dispatched', 1756958400.555555, 'Suspicious person', 'Camp Watch', '6', 8, 30, 'Perimeter fence'),
        (1, 146, 1756962000.666666, 5, 'new', 1756962000.666666, 'MOOP - large debris field', null, '3', 4, 45, 'Behind dismantled camp'),
        (1, 147, 1756965600.777777, 3, 'on_scene', 1756965600.777777, 'Intoxicated driving art car', 'Art Car Zone', '2', 11, 0, 'On main art car route'),
        (1, 148, 1756969200.888888, 2, 'closed', 1756969200.888888, 'Migraine - medication given', null, '1', 3, 15, 'Shaded rest area'),
        (1, 149, 1756972800.999999, 4, 'dispatched', 1756972800.999999, 'Camp boundary violation', 'Expanding Camp', '4', 9, 30, 'Eastern camp edge'),
        (1, 150, 1756976400.111111, 3, 'on_hold', 1756976400.111111, 'Found credit cards', null, '5', 5, 45, 'On ground near porta potties'),
        (1, 151, 1756980000.222222, 1, 'new', 1756980000.222222, 'Collapsed structure with people inside', 'Dome Camp', '0', 6, 0, 'Main geodesic dome'),
        (1, 152, 1756983600.333333, 3, 'on_scene', 1756983600.333333, 'Underage participant alone', null, '6', 10, 15, 'Walking near open playa'),
        (1, 153, 1756987200.444444, 4, 'closed', 1756987200.444444, 'Fire lane cleared', 'Emergency Access', '3', 7, 30, 'Fire lane marker 8'),
        (1, 154, 1756990800.555555, 2, 'dispatched', 1756990800.555555, 'Diabetic coma symptoms', null, '2', 2, 45, 'In personal tent'),
        (1, 155, 1756994400.666666, 3, 'new', 1756994400.666666, 'Threatening behavior', 'Peaceful Camp', '1', 8, 0, 'Main gathering area'),
        (1, 156, 1756998000.777777, 5, 'on_hold', 1756998000.777777, 'Lost sunglasses', null, '4', 4, 15, 'Maybe at dance camp'),
        (1, 157, 1757001600.888888, 3, 'on_scene', 1757001600.888888, 'Illegal amplified sound', 'Quiet Zone', '5', 11, 30, 'West side of quiet area'),
        (1, 158, 1757005200.999999, 2, 'closed', 1757005200.999999, 'Nosebleed from dry air', null, '0', 3, 45, 'Under shade structure'),
        (1, 159, 1757008800.111111, 4, 'dispatched', 1757008800.111111, 'Harassment via megaphone', 'Sound System Camp', '6', 9, 0, 'Front of speaker array'),
        (1, 160, 1757012400.222222, 3, 'new', 1757012400.222222, 'Pet snake escaped', null, '3', 5, 15, 'Escaped from tank in tent'),
        (1, 161, 1757016000.333333, 1, 'on_scene', 1757016000.333333, 'Stabbing reported', 'Camp Conflict', '2', 6, 30, 'Back alley between tents'),
        (1, 162, 1757019600.444444, 3, 'on_hold', 1757019600.444444, 'Ice delivery dispute', null, '1', 10, 45, 'Ice distribution point'),
        (1, 163, 1757023200.555555, 4, 'closed', 1757023200.555555, 'Lost child reunited', 'Kidsville', '4', 7, 0, 'At the playground'),
        (1, 164, 1757026800.666666, 2, 'dispatched', 1757026800.666666, 'Vomiting blood', null, '5', 2, 15, 'Inside camp medical tent'),
        (1, 165, 1757030400.777777, 3, 'new', 1757030400.777777, 'Fire hazard - oily rags', 'Workshop', '0', 8, 30, 'In metal container'),
        (1, 166, 1757034000.888888, 5, 'on_scene', 1757034000.888888, 'Lost backpack', null, '6', 4, 45, 'Last seen on bench'),
        (1, 167, 1757037600.999999, 3, 'on_hold', 1757037600.999999, 'Ongoing noise issue', 'Bass Camp', '3', 11, 0, 'Subwoofer array'),
        (1, 168, 1757041200.111111, 2, 'closed', 1757041200.111111, 'Sprained wrist wrapped', null, '2', 3, 15, 'At first aid station'),
        (1, 169, 1757044800.222222, 4, 'dispatched', 1757044800.222222, 'Public urination', 'Art Alley', '1', 9, 30, 'Behind art installation'),
        (1, 170, 1757048400.333333, 3, 'new', 1757048400.333333, 'Camp fire too large', null, '4', 5, 45, 'Central fire pit'),
        (1, 171, 1757052000.444444, 1, 'on_scene', 1757052000.444444, 'Respiratory distress', 'Dust Bowl', '5', 6, 0, 'In dusty low area'),
        (1, 172, 1757055600.555555, 3, 'on_hold', 1757055600.555555, 'Stolen bike report', null, '0', 10, 15, 'Was locked at bike rack'),
        (1, 173, 1757059200.666666, 4, 'closed', 1757059200.666666, 'Generator noise stopped', 'RV Park', '6', 7, 30, 'Row F, space 12'),
        (1, 174, 1757062800.777777, 2, 'dispatched', 1757062800.777777, 'Head injury from fall', null, '3', 2, 45, 'Fell from art structure'),
        (1, 175, 1757066400.888888, 3, 'new', 1757066400.888888, 'Unauthorized photography', 'Sanctuary', '2', 8, 0, 'Private ritual space'),
        (1, 176, 1757070000.999999, 5, 'on_scene', 1757070000.999999, 'Lost keys to bike lock', null, '1', 4, 15, 'Bike locked at Center Camp'),
        (1, 177, 1757073600.111111, 3, 'on_hold', 1757073600.111111, 'Food sharing violation', 'Kitchen Camp', '4', 11, 30, 'Main serving area'),
        (1, 178, 1757077200.222222, 2, 'closed', 1757077200.222222, 'Asthma attack controlled', null, '5', 3, 45, 'Rest area with clean air'),
        (1, 179, 1757080800.333333, 4, 'dispatched', 1757080800.333333, 'Prowler reported', 'Night Watch', '0', 9, 0, 'Around camp perimeter'),
        (1, 180, 1757084400.444444, 3, 'new', 1757084400.444444, 'Improper waste disposal', null, '6', 5, 15, 'Behind porta potty row'),
        (1, 181, 1757088000.555555, 1, 'on_scene', 1757088000.555555, 'Multiple casualties - structure collapse', 'Big Top', '3', 6, 30, 'Under collapsed tent poles'),
        (1, 182, 1757091600.666666, 3, 'on_hold', 1757091600.666666, 'Lost dentures', null, '2', 10, 45, 'Somewhere at Center Camp'),
        (1, 183, 1757095200.777777, 4, 'closed', 1757095200.777777, 'Bike lock cut - owner verified', 'Bike Valet', '1', 7, 0, 'Valet check-in area'),
        (1, 184, 1757098800.888888, 2, 'dispatched', 1757098800.888888, 'Second degree burns', null, '4', 2, 15, 'Fire performance area'),
        (1, 185, 1757102400.999999, 3, 'new', 1757102400.999999, 'Animal cruelty concern', 'Pet Camp', '5', 8, 30, 'Parked car in lot'),
        (1, 186, 1757106000.111111, 5, 'on_scene', 1757106000.111111, 'Lost water bottle', null, '0', 4, 45, 'Near hydration station'),
        (1, 187, 1757109600.222222, 3, 'on_hold', 1757109600.222222, 'Dispute over art car ride', 'Party Bus', '6', 11, 0, 'At boarding platform'),
        (1, 188, 1757113200.333333, 2, 'closed', 1757113200.333333, 'Concussion evaluated', null, '3', 3, 15, 'Medical evaluation tent'),
        (1, 189, 1757116800.444444, 4, 'dispatched', 1757116800.444444, 'Public intoxication', 'Center Camp', '2', 9, 30, 'Near coffee service'),
        (1, 190, 1757120400.555555, 3, 'new', 1757120400.555555, 'Dangerous guy wires', null, '1', 5, 45, 'Unmarked near pathway'),
        (1, 191, 1757124000.666666, 1, 'on_scene', 1757124000.666666, 'Cardiac arrest', 'Dance Floor', '4', 6, 0, 'Center of dance floor'),
        (1, 192, 1757127600.777777, 3, 'on_hold', 1757127600.777777, 'Lost medication bag', null, '5', 10, 15, 'Possibly in shared tent'),
        (1, 193, 1757131200.888888, 4, 'closed', 1757131200.888888, 'False alarm - fire', 'Smoke Signal', '0', 7, 30, 'Near smoke effects'),
        (1, 194, 1757134800.999999, 2, 'dispatched', 1757134800.999999, 'Broken arm', null, '6', 2, 45, 'Bottom of ladder'),
        (1, 195, 1757138400.111111, 3, 'new', 1757138400.111111, 'Bike pile blocking path', 'Bike Parking', '3', 8, 0, 'Main bike parking area'),
        (1, 196, 1757142000.222222, 5, 'on_scene', 1757142000.222222, 'Found set of keys', null, '2', 4, 15, 'On ground near bench'),
        (1, 197, 1757145600.333333, 3, 'on_hold', 1757145600.333333, 'Sound level mediation', 'Sound Camp B', '1', 11, 30, 'Camp boundary line'),
        (1, 198, 1757149200.444444, 2, 'closed', 1757149200.444444, 'Fainting spell resolved', null, '4', 3, 45, 'Shade tent seating'),
        (1, 199, 1757152800.555555, 4, 'dispatched', 1757152800.555555, 'Indecent exposure complaint', 'Family Area', '5', 9, 0, 'Near Kidsville entrance'),
        (1, 200, 1757156400.666666, 3, 'new', 1757156400.666666, 'Abandoned vehicle on playa', null, '0', 5, 15, 'Deep playa near trash fence'),
        (1, 201, 1757160000.777777, 1, 'on_scene', 1757160000.777777, 'Gas leak - large tank', 'Propane Depot', '6', 6, 30, 'Main propane storage'),
        (1, 202, 1757163600.888888, 3, 'closed', 1757163600.888888, 'Lost wallet returned', null, '3', 10, 45, 'Turned in at Ranger station'),
        (2, 1, 1748459852.644699, 3, 'dispatched', 1748459852.644699, 'Something bad 2026!', 'Dog Camp', null, null, null, null),
        (2, 2, 1748460242.68441, 3, 'new', 1748460242.68441, 'Report from the field 2026', null, null, null, null, null);

insert into FIELD_REPORT (EVENT, NUMBER, CREATED, SUMMARY, INCIDENT_NUMBER)
values  (1, 1, 1748460231.287398, 'Report from the field', 2);

insert into REPORT_ENTRY (ID, AUTHOR, TEXT, CREATED, GENERATED, STRICKEN, ATTACHED_FILE)
values  (1, 'Abraham', 'Changed priority: 3
Changed state: new
Changed summary: Something bad!', 1748459852.649554, 1, 0, null),
        (2, 'Abraham', 'Changed state: dispatched', 1748459854.045146, 1, 0, null),
        (3, 'Abraham', 'Added Ranger: Hardware', 1748460179.390828, 1, 0, null),
        (4, 'Abraham', 'Added Ranger: Defect', 1748460180.76589, 1, 0, null),
        (5, 'Abraham', 'Added type: Admin', 1748460183.617861, 1, 0, null),
        (6, 'Abraham', 'Added type: MOOP', 1748460184.78715, 1, 0, null),
        (7, 'Abraham', 'Changed location name: Dog Camp', 1748460192.069875, 1, 0, null),
        (8, 'Abraham', 'Changed location radial hour: 2', 1748460193.558534, 1, 0, null),
        (9, 'Abraham', 'Changed location radial minute: 10', 1748460194.422526, 1, 0, null),
        (10, 'Abraham', 'Changed location concentric: 2', 1748460196.736211, 1, 0, null),
        (11, 'Abraham', 'Something happened!', 1748460208.873552, 0, 0, null),
        (12, 'Abraham', 'Changed summary to: Report from the field', 1748460231.289929, 1, 0, null),
        (13, 'Abraham', 'Something happened out in the dust', 1748460241.587492, 0, 0, null),
        (14, 'Abraham', 'Changed summary: Report from the field
Added Ranger: Abraham', 1748460242.688133, 1, 0, null),
        (15, 'Abraham', 'Attached to incident: 2', 1748460242.696368, 1, 0, null),
        (16, 'Abraham', 'Added Ranger: Loosy', 1748460254.830443, 1, 0, null),
        (17, 'Abraham', 'Removed Ranger: Abraham', 1748460256.071517, 1, 0, null);

insert into FIELD_REPORT__REPORT_ENTRY (EVENT, FIELD_REPORT_NUMBER, REPORT_ENTRY)
values  (1, 1, 12),
        (1, 1, 13),
        (1, 1, 15);

insert into INCIDENT_TYPE (ID, NAME, HIDDEN)
values  (3, 'Sound Complaint', 0),
        (4, 'Found Child', 0),
        (5, 'Lost Child', 0),
        (6, 'MOOP', 0),
        (7, 'Medical', 0),
        (8, 'Transport', 0);

insert into INCIDENT__INCIDENT_TYPE (EVENT, INCIDENT_NUMBER, INCIDENT_TYPE)
values  (1, 1, 1),
        (1, 1, 6);

insert into INCIDENT__RANGER (ID, EVENT, INCIDENT_NUMBER, RANGER_HANDLE)
values  (1, 1, 1, 'Hardware'),
        (2, 1, 1, 'Defect'),
        (4, 1, 2, 'Loosy');

insert into INCIDENT__REPORT_ENTRY (EVENT, INCIDENT_NUMBER, REPORT_ENTRY)
values  (1, 1, 1),
        (1, 1, 2),
        (1, 1, 3),
        (1, 1, 4),
        (1, 1, 5),
        (1, 1, 6),
        (1, 1, 7),
        (1, 1, 8),
        (1, 1, 9),
        (1, 1, 10),
        (1, 1, 11),
        (1, 2, 14),
        (1, 2, 16),
        (1, 2, 17);

insert into DESTINATION (EVENT, TYPE, NUMBER, NAME, LOCATION_STRING, EXTERNAL_DATA)
values  (1, 'camp', 0, 'Ranger Outpost Berlin', '3:00 & C', '{"contact_email":"rangers@burningman.org","description":"Ranger Outpost Berlin - The Black Rock Ranger Station in the 3:00 sector where participants in need of assistance can\\nseek out the help of a friendly Black Rock Ranger. Located at 3:00 and C.","hometown":"Black Rock City","images":[],"landmark":"Ranger Outpost Berlin","location":{"dimensions":"100+ x 300","exact_location":"Corner - facing man \\u0026 6:00","frontage":"3:00","intersection":"C","intersection_type":"\\u0026"},"location_string":"3:00 \\u0026 C","name":"Ranger Outpost Berlin","uid":"a1XVI00000A0O7p2AF","url":"https://rangers.burningman.org","year":2025}'),
        (1, 'camp', 1, 'Kidsville', '5:00 & E', '{"contact_email":null,"description":"Burning Man\'s best place for kids!  Come enjoy our trampolines, playgrounds, kid-friendly treats, and meet other families that burn with people under 18.","hometown":null,"images":[],"landmark":"Big Rainbow \\"Kidsville\\" Perimeter","location":{"dimensions":"450 x 575-","exact_location":"Corner - facing man \\u0026 2:00","frontage":"5:00","intersection":"E","intersection_type":"\\u0026"},"location_string":"5:00 \\u0026 E","name":"Kidsville","uid":"a1XVI000009Cb532AC","url":"http://kidsville.org","year":2025}'),
        (1, 'art', 0, 'Temple of the Deep', '12:00 2500\', Open Playa', '{"artist":"Miguel Arraiz","category":"Open Playa","contact_email":null,"description":"The Temple of the Deep is a sanctuary for grief, love, and introspection, formed beneath a massive black stone that appears to hover above participants. This dark, fractured element symbolizes the weight of loss and the strength found in healing, inspired by kintsugi, where brokenness is embraced and honored. Seven narrow entrances guide visitors through the journey of mourning, leading to a central gathering space mirroring BRC\'s layout. Alcoves and chapels offer solitude and remembrance, while the seamless integration with the desert transforms sorrow into connection, grounding participants in shared reflection.","donation_link":null,"guided_tours":false,"hometown":"Valencia, Spain","images":[{"gallery_ref":null,"thumbnail_url":null}],"location":{"category":"Open Playa","distance":2500,"gps_latitude":40.791799176283455,"gps_longitude":-119.19660218660613,"hour":12,"minute":0},"location_string":"12:00 2500\', Open Playa","name":"Temple of the Deep","program":"Honorarium","self_guided_tour_map":true,"uid":"a2IVI000000yWeZ2AU","url":"https://www.2025temple.com/","year":2025}'),
        (1, 'other', 0, 'Ranger Outpost Geneva', '7:20 & H', '{"contact_email":null,"description":"It\'s Ranger Outpost Geneva!","hometown":null,"images":[],"landmark":"A bunch of Rangers","location_string":"7:20 \\u0026 H","name":"Ranger Outpost Geneva","year":2025}');

insert into VISIT (EVENT, NUMBER, CREATED, INCIDENT_NUMBER, GUEST_PREFERRED_NAME, GUEST_LEGAL_NAME, GUEST_DESCRIPTION, GUEST_CAMP_NAME, GUEST_CAMP_ADDRESS, GUEST_CAMP_DESCRIPTION, ARRIVAL_TIME, ARRIVAL_METHOD, ARRIVAL_STATE, ARRIVAL_REASON, ARRIVAL_BELONGINGS, DEPARTURE_TIME, DEPARTURE_METHOD, DEPARTURE_STATE, RESOURCE_REST, RESOURCE_CLOTHES, RESOURCE_POGS, RESOURCE_FOOD_BEV, RESOURCE_OTHER)
values
        (1, 1, 1787280979.850800, null, 'Cedar', 'Wayne Wilson', 'Pink mohawk, leather jacket, steel-toed boots', 'Camp Unity', '2:30 & A', null, 1787281260.781453, 'Brought in by Ranger patrol', 'Distressed and crying', 'Emotional distress after temple visit', 'Backpack with water bottle and sunscreen', 1787677246.835392, 'Walked out on own', 'Feeling much better', 'Air mattress in tent', 'Fresh socks and underwear', '2 meal pogs', 'PB&J and coconut water', 'Earplugs and eye mask'),
        (1, 2, 1787058556.946335, null, 'Dust Devil', 'Fred Lee', 'Long beard, coveralls, tool belt', 'Camp Curiosity', '3:45 & A', 'Bike repair and lending camp', 1787058840.145561, 'Dropped off by friend', 'Agitated and anxious', 'First time at burn, feeling lost', 'Small bag with wallet and phone', 1787301554.865179, 'Picked up by campmates', 'Eager to return to camp', 'Sleeping bag on foam pad', 'Thermal blanket wrap', null, 'Broth, toast, and herbal tea', 'Dust mask and goggles'),
        (1, 3, 1786813540.766563, null, 'Axion', 'Ralph Campbell', 'Tan, aviator sunglasses, utility belt', 'Playa Provisions', '7:15 & A', 'Art-focused camp with interactive installations', 1786813620.974628, 'Walked in from open playa', 'Quiet and withdrawn', 'Minor injury, needed first aid', 'Cooler with drinks and first aid kit', 1787019281.482554, 'Friend drove them home', 'Feeling much better', 'Air mattress in tent', 'Warm hoodie and socks', null, 'Hot tea and oatmeal', 'Wet wipes and hand sanitizer'),
        (1, 4, 1786015047.961722, null, 'Hertz', 'Grace Martinez', 'Dark curly hair, paint-stained hands, camera around neck', 'Fire Circle', '5:30 & F', null, 1786015320.133659, 'Brought by medical team', 'Agitated and anxious', 'Needed a quiet place to rest', 'Fanny pack with ID and cash', 1786132362.944151, 'Arranged ride with neighbor', 'Calm and oriented', null, 'Fresh socks and underwear', null, 'Water, electrolytes, granola bar', 'Earplugs and eye mask'),
        (1, 5, 1786450404.549245, null, 'Tint', 'Diana Green', 'Older, gray hair, kind eyes', 'Rainbow Riders', '2:00 & E', 'Workshop camp offering classes throughout the week', 1786450620.711878, 'Walked over from neighboring camp', 'Overheated and flushed', 'Disoriented after long night out', 'Nothing - arrived with no possessions', 1786492521.518801, 'Friend drove them home', 'Still tired but stable', 'Air mattress in tent', null, 'Dinner pog', null, null),
        (1, 6, 1786517975.220116, null, 'Ziggy', 'Mark Martin', 'Silver hair, weathered face, cowboy hat', 'Camp Illumination', '8:45 & D', 'Lounge camp with hammocks and shade', 1786518480.814825, 'Escorted by fellow participant', 'Confused and disoriented', 'Sunstroke symptoms', 'Duffle bag with camping gear', 1786792818.663054, 'Walked to nearby camp', 'Improved but cautious', null, 'Windbreaker jacket', '2 meal pogs', null, null),
        (1, 7, 1787647392.899550, null, 'Pancake', 'Kenneth Collins', 'Tall, sunburned, wearing tie-dye', 'Sand Castle', '2:30 & A', 'Bike repair and lending camp', 1787647740.269396, 'Arrived via golf cart', 'Sleepy but responsive', 'Needed a quiet place to rest', 'Backpack, sleeping bag, and flashlight', 1787990988.665579, null, 'Feeling much better', 'Reclining chair with shade', null, 'Breakfast pog', 'Soup, bread, and water', 'Map of BRC'),
        (1, 8, 1787676749.676510, null, 'Flash', 'Patrick Flores', 'Young, freckled, wide-brimmed hat', 'The Watering Hole', '10:30 & B', 'Art-focused camp with interactive installations', 1787677080.273148, 'Brought in by Ranger patrol', 'Talkative and friendly', 'Needed shelter from wind storm', 'Two bags of clothing and toiletries', 1787684579.377932, 'Picked up by campmates', null, null, 'Sun hat and light shirt', '3 meal pogs', null, 'Wet wipes and hand sanitizer'),
        (1, 9, 1786994268.680828, null, 'Lux', 'Stephanie Alvarez', 'Curly red hair, green tutu, goggles on forehead', 'Stellar Station', '3:30 & E', 'Costume and craft camp', 1786994820.341292, 'Carried in by campmates', 'Overheated and flushed', 'Panic attack in large crowd', 'Fanny pack with ID and cash', 1787113063.717024, 'Picked up by campmates', 'Good spirits, ready to go', 'Air mattress in tent', 'Warm hoodie and socks', null, 'Water, electrolytes, granola bar', null),
        (1, 10, 1786147380.299659, null, 'Whisper', 'Raymond Martinez', 'Stocky, buzzcut, reflective vest', 'Solar Sanctuary', '6:15 & E', null, 1786147440.198907, 'Arrived on bicycle', 'Shaken but stable', 'Heat exhaustion symptoms', 'Tote bag with snacks and water', 1786525752.201639, null, 'Alert and cheerful', null, null, 'Breakfast pog', 'Rice and beans with water', 'Flashlight and batteries'),
        (1, 11, 1787404500.246991, null, 'Coulomb', 'Susan Gray', 'Silver hair, weathered face, cowboy hat', 'Rainbow Riders', '9:00 & D', 'Small camp of about 20 people with communal kitchen', 1787404920.542374, 'Walked in unassisted', 'Talkative and friendly', 'First time at burn, feeling lost', 'Cooler with drinks and first aid kit', 1787634197.292401, null, 'Feeling much better', 'Air mattress in tent', 'Fresh socks and underwear', 'Breakfast pog', 'PB&J and coconut water', 'Wet wipes and hand sanitizer'),
        (1, 12, 1786284447.497382, null, 'Neon', 'Betty Miller', 'Silver hair, weathered face, cowboy hat', 'Solar Flare', '11:30 & B', 'Large theme camp near esplanade with shade structures', 1786284900.102260, 'Brought in by Ranger patrol', 'Overheated and flushed', 'Minor injury, needed first aid', 'Nothing - arrived with no possessions', 1786331623.509386, 'Arranged ride with neighbor', 'Improved but cautious', 'Camp bed with pillow', 'Fresh socks and underwear', null, 'Water, electrolytes, granola bar', 'Phone charger provided'),
        (1, 13, 1786284511.184002, null, 'Cayenne', 'Michelle Harris', 'Curly red hair, green tutu, goggles on forehead', 'Cosmic Kitchen', '4:30 & E', null, 1786285080.992697, 'Walked in from open playa', 'Talkative and friendly', 'First time at burn, feeling lost', 'Backpack with water bottle and sunscreen', 1786514057.294851, 'Walked out on own', 'Alert and cheerful', 'Camp bed with pillow', null, '3 meal pogs', 'Water, electrolytes, granola bar', null),
        (1, 14, 1785783600.515011, null, 'Tint', 'Amy Howard', 'Dark curly hair, paint-stained hands, camera around neck', 'Camp Flamingo', '10:00 & D', 'Art-focused camp with interactive installations', 1785783840.237235, 'Walked in unassisted', 'Quiet and withdrawn', 'Conflict with campmates', 'Water jug and blanket', 1786145045.804318, 'Art car ride back to camp', 'Grateful and cooperative', 'Reclining chair with shade', 'Fresh socks and underwear', null, 'Fruit, crackers, and juice', 'Dust mask and goggles'),
        (1, 15, 1787304466.654634, 1, 'Harmony', 'Martha Ramirez', 'Stocky, buzzcut, reflective vest', 'Burning Bliss', '2:15 & A', 'Costume and craft camp', 1787304540.108203, 'Walked over from neighboring camp', 'Confused and disoriented', 'Minor injury, needed first aid', 'Just the clothes on their back', 1787477507.800305, 'Friend drove them home', 'Still tired but stable', 'Camp bed with pillow', null, 'Dinner pog', 'Broth, toast, and herbal tea', null),
        (1, 16, 1787851003.765095, null, 'Birdie', 'Elijah Peterson', 'Petite, blonde, faux fur coat', 'Desert Dreamers', '11:00 & D', 'Veteran burner camp, well-organized infrastructure', 1787851140.544151, 'Brought by medical team', 'Coherent but emotional', 'Overwhelmed by crowds and noise', 'Purse with personal items', 1788133975.969634, 'Called friend for pickup', 'Calm and oriented', null, null, 'Dinner pog', 'Water, electrolytes, granola bar', 'First aid for minor cuts'),
        (1, 17, 1786237067.679364, null, 'Rogue', 'Carol Patel', 'Olive skin, septum piercing, combat boots', 'Camp Wanderlust', '7:15 & A', 'Lounge camp with hammocks and shade', 1786237200.255287, 'Arrived via golf cart', 'Alert and oriented', 'Feeling unsafe at current location', 'Small bag with wallet and phone', 1786419279.550664, null, null, 'Hammock under canopy', null, '2 meal pogs', 'Cold water and energy bar', null),
        (1, 18, 1785892700.288073, null, 'Robin', 'Randy Young', 'Pink mohawk, leather jacket, steel-toed boots', 'Camp Comfort', '7:00 & F', null, 1785892740.872343, 'Walked over from neighboring camp', 'Cold and shivering', 'Emotional distress after temple visit', 'Water jug and blanket', 1786091122.448321, 'Shuttle to gate', 'Still tired but stable', 'Air mattress in tent', 'Sun hat and light shirt', '3 meal pogs', 'Sandwich and lemonade', 'Sunscreen and aloe vera'),
        (1, 19, 1787752006.517821, null, 'Radian', 'Margaret Carter', 'Pixie cut, multiple ear piercings, denim vest', 'Camp Flamingo', '6:30 & E', null, 1787752260.444207, 'Arrived on bicycle', 'Agitated and anxious', 'Disoriented after long night out', 'Just the clothes on their back', 1788110684.392136, 'Friend drove them home', null, 'Air mattress in tent', 'Fresh socks and underwear', '2 meal pogs', null, 'Earplugs and eye mask'),
        (1, 20, 1787884981.636265, null, 'Silk', 'Marilyn Morgan', 'Slim, dark complexion, silver jewelry', 'Sunrise Saloon', '9:00 & D', 'Bike repair and lending camp', 1787885340.221263, 'Dropped off by friend', 'Distressed and crying', 'Lost all belongings in whiteout', 'Backpack with water bottle and sunscreen', 1788038881.503906, 'Picked up by campmates', 'Alert and cheerful', 'Blankets on ground pad', 'Thermal blanket wrap', null, 'Sandwich and lemonade', null),
        (1, 21, 1788026674.831076, 1, 'Byte', 'Henry Rodriguez', 'Pink mohawk, leather jacket, steel-toed boots', 'Camp Gratitude', '10:00 & D', 'Fire performance camp with nightly shows', 1788027120.410016, 'Found wandering and guided here', 'Cold and shivering', 'Feeling unsafe at current location', 'Tote bag with snacks and water', 1788134218.681343, null, 'Calm and oriented', null, 'Windbreaker jacket', null, 'Cold water and energy bar', 'Flashlight and batteries'),
        (1, 22, 1785910772.808446, null, 'Hawk', 'Abigail Reed', 'Curly red hair, green tutu, goggles on forehead', 'Stellar Station', '9:30 & F', 'Large theme camp near esplanade with shade structures', 1785911160.324082, 'Self-referred', 'Lethargic and dehydrated', 'Overwhelmed by crowds and noise', 'Duffle bag with camping gear', 1786266974.636004, null, 'Alert and cheerful', null, 'Thermal blanket wrap', null, 'Rice and beans with water', 'Wet wipes and hand sanitizer'),
        (1, 23, 1786921714.991014, null, 'Farad', 'Noah Richardson', 'Slim, dark complexion, silver jewelry', 'Desert Rats', '11:30 & B', 'First-year camp, still getting set up', 1786921800.905819, 'Found wandering and guided here', 'Lethargic and dehydrated', 'Minor injury, needed first aid', 'Cooler with drinks and first aid kit', 1787274427.176365, 'Transported by golf cart', 'Still tired but stable', 'Cot in shade structure', 'Clean t-shirt and shorts provided', 'Breakfast pog', 'Rice and beans with water', null),
        (1, 24, 1786801571.361303, null, 'Sievert', 'Jerry Murphy', 'Tall and lanky, mismatched socks, big smile', 'Solar Sanctuary', '2:15 & A', 'Large theme camp near esplanade with shade structures', 1786802160.989545, 'Walked over from neighboring camp', 'Sleepy but responsive', 'Feeling unsafe at current location', 'Cooler with drinks and first aid kit', 1787139538.227253, 'Arranged ride with neighbor', 'Good spirits, ready to go', 'Hammock under canopy', null, null, 'Water, electrolytes, granola bar', null),
        (1, 25, 1786768917.390782, null, 'Boson', 'Samantha Long', 'Salt-and-pepper beard, flannel shirt, hiking boots', 'The Commune', '10:00 & D', null, 1786769460.903013, 'Walked in unassisted', 'Cold and shivering', 'Lost vehicle keys, stranded', 'Fanny pack with ID and cash', 1787020266.915451, null, 'Still tired but stable', 'Camp bed with pillow', null, 'Dinner pog', 'Fruit, crackers, and juice', null),
        (1, 26, 1786980919.446954, null, 'Becquerel', 'Pamela Walker', 'Muscular, shaved head, many bracelets', 'Camp Gratitude', '3:45 & A', null, 1786981200.668969, 'Brought in by Ranger patrol', 'Calm but tired', 'Heat exhaustion symptoms', 'Bicycle and messenger bag', 1787113833.588557, 'Arranged ride with neighbor', null, 'Hammock under canopy', 'Fresh socks and underwear', '1 meal pog', 'Sandwich and lemonade', 'Flashlight and batteries'),
        (1, 27, 1786669582.386193, null, 'Quantum', 'Vincent Williams', 'Pixie cut, multiple ear piercings, denim vest', 'Mystic Mesa', '5:00 & C', 'Workshop camp offering classes throughout the week', 1786669980.557007, 'Carried in by campmates', 'Alert and oriented', 'Ran out of water and food', 'Camelback and hat', 1786897456.609232, null, 'Eager to return to camp', 'Blankets on ground pad', null, 'Breakfast pog', 'Rice and beans with water', 'Earplugs and eye mask'),
        (1, 28, 1785586446.497519, null, 'Thyme', 'Steven Richardson', 'Willowy, flower crown, flowing dress', 'Sunrise Saloon', '9:15 & F', 'Workshop camp offering classes throughout the week', 1785586860.443254, 'Escorted by fellow participant', 'Distressed and crying', 'Lost campsite, cannot find way back', 'Small bag with wallet and phone', 1785944742.321941, 'Called friend for pickup', 'Eager to return to camp', 'Hammock under canopy', null, '3 meal pogs', 'Water, electrolytes, granola bar', 'Dust mask and goggles'),
        (1, 29, 1786788872.751517, null, 'Flannel', 'Nicholas Hernandez', 'Fair skin, lots of glitter, feather earrings', 'Sunrise Saloon', '1:00 & F', null, 1786789260.259784, 'Walked in from open playa', 'Coherent but emotional', 'Minor injury, needed first aid', 'Purse with personal items', 1787195563.350132, 'Picked up by campmates', null, 'Cot in shade structure', 'Clean t-shirt and shorts provided', 'Breakfast pog', 'Fruit, crackers, and juice', 'Sunscreen and aloe vera'),
        (1, 30, 1785943943.307963, null, 'Thyme', 'Isabella Allen', 'Bald, full sleeve tattoos, tank top', 'Funky Town', '5:30 & F', 'Sound camp with DJ sets nightly', 1785944520.179688, 'Arrived in personal vehicle', 'Cold and shivering', 'Needed a quiet place to rest', 'Camelback and hat', 1786011693.720859, 'Picked up by campmates', 'Alert and cheerful', 'Cot in shade structure', 'Windbreaker jacket', null, 'Sandwich and lemonade', null),
        (1, 31, 1787515792.554582, null, 'Fermion', 'Donald Reed', 'Wavy brown hair, wire-rim glasses, linen pants', 'Camp Flamingo', '7:00 & F', null, 1787516100.479781, 'Walked in unassisted', 'Quiet and withdrawn', 'Ran out of water and food', 'Small bag with wallet and phone', 1787576725.766459, 'Art car ride back to camp', 'Stable, given aftercare instructions', 'Bean bag in dome', 'Clean t-shirt and shorts provided', null, 'Rice and beans with water', 'First aid for minor cuts'),
        (1, 32, 1788014255.697530, null, 'Spike', 'Eugene Wright', 'Dark curly hair, paint-stained hands, camera around neck', 'Solar Flare', '4:15 & C', null, 1788014700.739979, 'Carried in by campmates', 'Sunburned and fatigued', 'Conflict with campmates', 'Camelback and hat', 1788102111.800646, 'Left on bicycle', 'Good spirits, ready to go', 'Sleeping bag on foam pad', 'Windbreaker jacket', null, 'Fruit, crackers, and juice', 'Wet wipes and hand sanitizer'),
        (1, 33, 1786614928.777278, null, 'Clover', 'Alexander King', 'Slim, dark complexion, silver jewelry', 'Desert Dreamers', '2:30 & A', 'Bike repair and lending camp', 1786615260.846420, 'Arrived via golf cart', 'Alert and oriented', 'Panic attack in large crowd', 'Bicycle and messenger bag', 1786881618.614663, 'Picked up by campmates', 'Good spirits, ready to go', 'Blankets on ground pad', null, 'Breakfast pog', null, 'Wet wipes and hand sanitizer'),
        (1, 34, 1786752074.341736, null, 'Sterling', 'Brandon James', 'Tan, aviator sunglasses, utility belt', 'Funky Town', '2:00 & E', null, 1786752300.226516, 'Arrived via golf cart', 'Coherent but emotional', 'Emotional distress after temple visit', 'Tote bag with snacks and water', 1786913764.856321, 'Art car ride back to camp', 'Grateful and cooperative', 'Bean bag in dome', null, 'Dinner pog', 'Hot tea and oatmeal', 'Dust mask and goggles'),
        (1, 35, 1786096672.416950, null, 'Lux', 'Melissa Harris', 'Older, gray hair, kind eyes', 'Camp Unity', '2:00 & E', 'Bike repair and lending camp', 1786097220.114835, 'Brought by medical team', 'Distressed and crying', 'Panic attack in large crowd', 'Water jug and blanket', 1786493903.842411, 'Friend drove them home', 'Feeling much better', 'Air mattress in tent', 'Windbreaker jacket', 'Breakfast pog', 'Cold water and energy bar', 'Phone charger provided'),
        (1, 36, 1787026565.600935, null, 'Sievert', 'Steven Brooks', 'Pixie cut, multiple ear piercings, denim vest', 'Mystic Mesa', '2:00 & E', 'Sound camp with DJ sets nightly', 1787026620.219629, 'Referred by camp lead', 'Alert and oriented', 'Conflict with campmates', 'Camelback and hat', 1787057683.962050, 'Medical transport', 'Improved but cautious', 'Camp bed with pillow', 'Thermal blanket wrap', '3 meal pogs', 'Water, electrolytes, granola bar', 'Dust mask and goggles'),
        (1, 37, 1785759670.572398, null, 'Luna', 'Joshua Martin', 'Wavy brown hair, wire-rim glasses, linen pants', 'The Oasis', '11:00 & D', 'Art-focused camp with interactive installations', 1785760260.564226, 'Arrived on bicycle', 'Confused and disoriented', 'Lost vehicle keys, stranded', 'Cooler with drinks and first aid kit', 1785806300.411797, 'Arranged ride with neighbor', 'Alert and cheerful', null, null, 'Breakfast pog', 'PB&J and coconut water', 'Flashlight and batteries'),
        (1, 38, 1787941038.572387, null, 'Tau', 'Charlotte Gonzalez', 'Bald, full sleeve tattoos, tank top', 'Cosmic Kitchen', '12:00 & B', 'Veteran burner camp, well-organized infrastructure', 1787941620.822858, 'Self-referred', 'Quiet and withdrawn', 'Separated from group during dust storm', 'Nothing - arrived with no possessions', 1788108927.722656, 'Transported by golf cart', 'Still tired but stable', null, 'Warm hoodie and socks', '3 meal pogs', 'Water, electrolytes, granola bar', 'Flashlight and batteries'),
        (1, 39, 1786870625.378535, null, 'Radian', 'Douglas Martinez', 'Pink mohawk, leather jacket, steel-toed boots', 'Camp Chill', '9:15 & F', 'Bike repair and lending camp', 1786870920.966785, 'Arrived in personal vehicle', 'Sleepy but responsive', 'Conflict with campmates', 'Purse with personal items', 1786999480.249145, null, 'Good spirits, ready to go', 'Blankets on ground pad', 'Warm hoodie and socks', 'Breakfast pog', null, 'Phone charger provided'),
        (1, 40, 1785719086.437978, null, 'Tint', 'Pamela Cruz', 'Bearded, glasses, Hawaiian shirt', 'Galactic Gardens', '7:15 & A', 'Tea and conversation camp, quiet atmosphere', 1785719400.733039, 'Brought by medical team', 'Sunburned and fatigued', 'Lost all belongings in whiteout', 'Backpack, sleeping bag, and flashlight', 1786142165.362529, 'Art car ride back to camp', 'Improved but cautious', 'Camp bed with pillow', 'Warm hoodie and socks', '2 meal pogs', 'Sandwich and lemonade', null),
        (1, 41, 1785549851.765620, null, 'Sage', 'Alexis Gray', 'Cornrows, gold chains, basketball shorts', 'Desert Dreamers', '5:00 & C', 'Small camp of about 20 people with communal kitchen', 1785550440.953797, 'Arrived in personal vehicle', 'Sleepy but responsive', 'Needed a quiet place to rest', 'Fanny pack with ID and cash', 1785911166.615611, 'Art car ride back to camp', 'Stable, given aftercare instructions', 'Camp bed with pillow', 'Windbreaker jacket', '3 meal pogs', 'Broth, toast, and herbal tea', 'Flashlight and batteries'),
        (1, 42, 1785770179.639593, null, 'Ace', 'Carol Nelson', 'Round face, colorful headband, dusty overalls', 'The Trading Post', '2:00 & E', 'Tea and conversation camp, quiet atmosphere', 1785770520.964998, 'Found wandering and guided here', 'Sunburned and fatigued', 'Lost vehicle keys, stranded', 'Backpack with water bottle and sunscreen', 1785991812.101206, 'Medical transport', 'Feeling much better', 'Bean bag in dome', 'Windbreaker jacket', null, 'Gatorade and trail mix', 'Flashlight and batteries'),
        (1, 43, 1787419685.738448, null, 'Pixel', 'Alice Long', 'Fair skin, lots of glitter, feather earrings', 'Fire Circle', '8:30 & B', 'Small camp of about 20 people with communal kitchen', 1787419740.938141, 'Arrived on bicycle', 'Lethargic and dehydrated', 'Lost vehicle keys, stranded', 'Nothing - arrived with no possessions', 1787643600.350921, null, 'Calm and oriented', 'Camp bed with pillow', null, '1 meal pog', 'Water, electrolytes, granola bar', null),
        (1, 44, 1787462326.678043, null, 'Shadow', 'Laura Anderson', 'Olive skin, septum piercing, combat boots', 'Sparkle Pony Corral', '12:00 & B', 'Healing arts camp offering massage and meditation', 1787462340.251668, 'Carried in by campmates', 'Overheated and flushed', 'Campmates asked them to leave', 'Backpack, sleeping bag, and flashlight', 1787758338.502219, 'Shuttle to gate', 'Calm and oriented', 'Blankets on ground pad', null, null, 'Fruit, crackers, and juice', 'Wet wipes and hand sanitizer'),
        (1, 45, 1786130981.461888, null, 'Dreamer', 'Lori Turner', 'Slim, dark complexion, silver jewelry', 'Camp Serenity', '6:15 & E', 'Large theme camp near esplanade with shade structures', 1786131120.448588, 'Self-referred', 'Talkative and friendly', 'Campmates asked them to leave', 'Two bags of clothing and toiletries', 1786529592.678727, 'Walked to nearby camp', 'Alert and cheerful', 'Camp bed with pillow', 'Sun hat and light shirt', null, 'PB&J and coconut water', 'Wet wipes and hand sanitizer'),
        (1, 46, 1787678311.232378, null, 'Sievert', 'Kathleen Kelly', 'Tall and lanky, mismatched socks, big smile', 'Camp Chill', '6:30 & E', 'Lounge camp with hammocks and shade', 1787678640.626690, 'Walked in from open playa', 'Coherent but emotional', 'Needed shelter from wind storm', 'Tote bag with snacks and water', 1787924571.718849, null, null, 'Blankets on ground pad', 'Sarong and flip flops', '3 meal pogs', 'Rice and beans with water', 'Sunscreen and aloe vera'),
        (1, 47, 1786420398.498468, null, 'Nutmeg', 'Patricia Castillo', 'Petite, blonde, faux fur coat', 'Playa Paradise', '6:30 & E', 'Healing arts camp offering massage and meditation', 1786420500.432043, 'Brought in by Ranger patrol', 'Intoxicated but cooperative', 'Lost all belongings in whiteout', 'Just the clothes on their back', 1786658547.757246, 'Walked to nearby camp', null, 'Blankets on ground pad', 'Warm hoodie and socks', null, null, null),
        (1, 48, 1787500464.407618, null, 'Dale', 'Judy Mendoza', 'Bright blue hair, platform shoes, LED accessories', 'Camp Kindness', '10:30 & B', 'Art-focused camp with interactive installations', 1787500500.475876, 'Walked in unassisted', 'Confused and disoriented', 'Feeling unsafe at current location', 'Fanny pack with ID and cash', 1787791348.493049, 'Escorted by Ranger to camp', null, 'Reclining chair with shade', 'Clean t-shirt and shorts provided', '2 meal pogs', 'Cold water and energy bar', 'Sunscreen and aloe vera'),
        (1, 49, 1786680479.581894, null, 'Wolf', 'Amanda Thompson', 'Long braids, colorful scarf, tattoo on left arm', 'Camp Brave', '6:30 & E', 'Workshop camp offering classes throughout the week', 1786680900.367729, 'Escorted by fellow participant', 'Quiet and withdrawn', 'Minor injury, needed first aid', 'Fanny pack with ID and cash', 1786966584.799233, null, 'Alert and cheerful', 'Hammock under canopy', 'Fresh socks and underwear', null, null, 'Dust mask and goggles'),
        (1, 50, 1785595661.702733, null, 'Honey', 'Frank Ramos', 'Curly red hair, green tutu, goggles on forehead', 'Fire Circle', '4:00 & D', 'Bike repair and lending camp', 1785596220.410244, 'Carried in by campmates', 'Cold and shivering', 'Campmates asked them to leave', 'Bicycle and messenger bag', 1785754221.833247, 'Arranged ride with neighbor', 'Improved but cautious', 'Sleeping bag on foam pad', 'Fresh socks and underwear', null, 'Broth, toast, and herbal tea', 'Map of BRC'),
        (1, 51, 1786322775.751051, null, 'Hue', 'Danielle Jimenez', 'Freckled, pigtails, rainbow suspenders', 'The Watering Hole', '9:15 & F', null, 1786323180.362801, 'Referred by camp lead', 'Overheated and flushed', 'Campmates asked them to leave', 'Cooler with drinks and first aid kit', 1786675481.810687, null, 'Good spirits, ready to go', null, 'Thermal blanket wrap', 'Breakfast pog', null, 'Earplugs and eye mask'),
        (1, 52, 1787701600.483629, null, 'Axion', 'Grace Garcia', 'Curly red hair, green tutu, goggles on forehead', 'The Commune', '4:30 & E', 'Costume and craft camp', 1787701740.656639, 'Brought by medical team', 'Calm but tired', 'Separated from group during dust storm', 'Pillowcase with miscellaneous items', 1788054540.626169, 'Friend drove them home', 'Grateful and cooperative', 'Blankets on ground pad', 'Sun hat and light shirt', 'Breakfast pog', 'Soup, bread, and water', null),
        (1, 53, 1786252258.662636, null, 'Comet', 'Sandra Reyes', 'Long braids, colorful scarf, tattoo on left arm', 'Neon Oasis', '4:15 & C', 'First-year camp, still getting set up', 1786252560.229592, 'Referred by camp lead', 'Quiet and withdrawn', 'Sunstroke symptoms', 'Two bags of clothing and toiletries', 1786512387.576877, null, 'Well-fed and rested', 'Bean bag in dome', 'Warm hoodie and socks', null, 'Water, electrolytes, granola bar', 'Dust mask and goggles'),
        (1, 54, 1786570952.780776, null, 'Volt', 'Catherine Wilson', 'Pink mohawk, leather jacket, steel-toed boots', 'Camp Chill', '2:00 & E', 'Large theme camp near esplanade with shade structures', 1786571220.528129, 'Escorted by fellow participant', 'Overheated and flushed', 'Lost vehicle keys, stranded', 'Just the clothes on their back', 1786930920.222343, null, 'Alert and cheerful', 'Air mattress in tent', 'Warm hoodie and socks', null, null, 'Dust mask and goggles'),
        (1, 55, 1785891216.823811, null, 'Dale', 'Martha Moore', 'Tall and lanky, mismatched socks, big smile', 'Galactic Gardens', '7:00 & F', null, 1785891720.488528, 'Walked in unassisted', 'Distressed and crying', 'Heat exhaustion symptoms', 'Pillowcase with miscellaneous items', 1786058494.327823, 'Arranged ride with neighbor', 'Stable, given aftercare instructions', 'Sleeping bag on foam pad', null, null, 'Hot tea and oatmeal', 'Sunscreen and aloe vera'),
        (1, 56, 1786803199.232040, null, 'Glitch', 'Gloria Chavez', 'Medium build, bandana, cargo shorts', 'The Watering Hole', '1:30 & C', 'Bike repair and lending camp', 1786803300.925206, 'Arrived on bicycle', 'Confused and disoriented', 'Disoriented after long night out', 'Small bag with wallet and phone', 1787000651.692002, 'Called friend for pickup', 'Good spirits, ready to go', null, 'Clean t-shirt and shorts provided', '2 meal pogs', 'Cold water and energy bar', 'Earplugs and eye mask'),
        (1, 57, 1786070613.475644, null, 'Fern', 'Cynthia Nelson', 'Bald, full sleeve tattoos, tank top', 'Neon Oasis', '8:45 & D', 'Large theme camp near esplanade with shade structures', 1786071180.928358, 'Self-referred', 'Cold and shivering', 'Heat exhaustion symptoms', 'Nothing - arrived with no possessions', 1786479542.926730, 'Art car ride back to camp', 'Calm and oriented', 'Hammock under canopy', 'Warm hoodie and socks', '2 meal pogs', 'Soup, bread, and water', 'Sunscreen and aloe vera'),
        (1, 58, 1786213022.862569, null, 'Rio', 'Charlotte Turner', 'Stocky, buzzcut, reflective vest', 'Sparkle Pony Corral', '1:00 & F', 'Art-focused camp with interactive installations', 1786213200.921273, 'Carried in by campmates', 'Intoxicated but cooperative', 'Ran out of water and food', 'Backpack, sleeping bag, and flashlight', 1786228673.790909, 'Walked to nearby camp', 'Feeling much better', 'Camp bed with pillow', null, 'Breakfast pog', 'Broth, toast, and herbal tea', 'Sunscreen and aloe vera'),
        (1, 59, 1786958909.713799, null, 'Paprika', 'Aaron Diaz', 'Pink mohawk, leather jacket, steel-toed boots', 'Camp Comfort', '2:00 & E', 'Dance camp with multiple stages', 1786958940.674993, 'Brought in by Ranger patrol', 'Overheated and flushed', 'Separated from group during dust storm', 'Just the clothes on their back', 1787303435.846746, 'Walked to nearby camp', 'Still tired but stable', 'Sleeping bag on foam pad', 'Sun hat and light shirt', 'Dinner pog', 'Broth, toast, and herbal tea', null),
        (1, 60, 1786451579.865054, null, 'Muon', 'Henry Gonzalez', 'Wavy brown hair, wire-rim glasses, linen pants', 'The Trading Post', '9:00 & D', null, 1786451880.199704, 'Brought by medical team', 'Cold and shivering', 'Overwhelmed by crowds and noise', 'Duffle bag with camping gear', 1786737244.427730, 'Medical transport', 'Good spirits, ready to go', 'Blankets on ground pad', 'Thermal blanket wrap', null, 'Sandwich and lemonade', 'Flashlight and batteries'),
        (1, 61, 1786703737.530764, null, 'Decibel', 'Joan Rodriguez', 'Long braids, colorful scarf, tattoo on left arm', 'Desert Rats', '7:45 & B', 'Lounge camp with hammocks and shade', 1786704120.470774, 'Brought in by Ranger patrol', 'Talkative and friendly', 'Ran out of water and food', 'Cooler with drinks and first aid kit', 1786844955.797660, 'Escorted by Ranger to camp', 'Well-fed and rested', 'Cot in shade structure', null, null, null, 'First aid for minor cuts'),
        (1, 62, 1787666048.701987, null, 'Fermion', 'Helen Rivera', 'Bearded, glasses, Hawaiian shirt', 'The Oasis', '6:00 & A', 'Veteran burner camp, well-organized infrastructure', 1787666100.337144, 'Dropped off by friend', 'Quiet and withdrawn', 'Needed shelter from wind storm', 'Bicycle and messenger bag', 1788051343.946432, null, 'Feeling much better', 'Bean bag in dome', null, null, 'Gatorade and trail mix', 'Dust mask and goggles'),
        (1, 63, 1786729170.132146, 2, 'Stardust', 'George Wright', 'Long beard, coveralls, tool belt', 'Mystic Mesa', '11:00 & D', 'Fire performance camp with nightly shows', 1786729740.196214, 'Transported by art car', 'Alert and oriented', 'Needed a quiet place to rest', 'Two bags of clothing and toiletries', 1787062902.882354, 'Escorted by Ranger to camp', 'Alert and cheerful', 'Blankets on ground pad', 'Warm hoodie and socks', '3 meal pogs', null, null),
        (1, 64, 1786947376.544611, null, 'Glitch', 'Helen Castillo', 'Slim, dark complexion, silver jewelry', 'Lunar Landing', '5:00 & C', 'Art-focused camp with interactive installations', 1786947840.609253, 'Walked over from neighboring camp', 'Alert and oriented', 'Heat exhaustion symptoms', 'Nothing - arrived with no possessions', 1787175153.736565, null, 'Alert and cheerful', 'Cot in shade structure', 'Warm hoodie and socks', 'Dinner pog', 'Rice and beans with water', null),
        (1, 65, 1786799296.321494, null, 'Waffle', 'Mark Torres', 'Pink mohawk, leather jacket, steel-toed boots', 'Playa Pals', '5:00 & C', null, 1786799820.904624, 'Arrived via golf cart', 'Quiet and withdrawn', 'Campmates asked them to leave', 'Backpack with water bottle and sunscreen', 1786920040.243901, 'Transported by golf cart', 'Eager to return to camp', null, 'Clean t-shirt and shorts provided', '2 meal pogs', 'Fruit, crackers, and juice', 'Dust mask and goggles'),
        (1, 66, 1787645758.428267, 2, 'Hawk', 'Kimberly Carter', 'Willowy, flower crown, flowing dress', 'Camp Euphoria', '10:30 & B', null, 1787645880.703727, 'Arrived via golf cart', 'Cold and shivering', 'Ran out of water and food', 'Small bag with wallet and phone', 1787825110.550137, 'Arranged ride with neighbor', null, 'Cot in shade structure', 'Sarong and flip flops', '2 meal pogs', 'Rice and beans with water', 'First aid for minor cuts'),
        (1, 67, 1787143073.882033, null, 'Denim', 'Jennifer Adams', 'Athletic build, dreadlocks, face paint', 'Camp Brave', '8:30 & B', 'Costume and craft camp', 1787143500.456005, 'Brought in by Ranger patrol', 'Sunburned and fatigued', 'Feeling unsafe at current location', 'Bicycle and messenger bag', 1787486318.332335, 'Arranged ride with neighbor', 'Alert and cheerful', 'Blankets on ground pad', null, '1 meal pog', 'Sandwich and lemonade', 'Dust mask and goggles'),
        (1, 68, 1786424524.618119, null, 'Wren', 'Rachel Hall', 'Freckled, pigtails, rainbow suspenders', 'Rainbow Riders', '11:30 & B', 'Healing arts camp offering massage and meditation', 1786424640.586490, 'Arrived on bicycle', 'Confused and disoriented', 'Heat exhaustion symptoms', 'Camelback and hat', 1786699480.891093, 'Transported by golf cart', 'Still tired but stable', null, 'Sun hat and light shirt', '1 meal pog', 'Soup, bread, and water', null),
        (1, 69, 1787163502.573866, null, 'Gluon', 'Samuel Watson', 'Slim, dark complexion, silver jewelry', 'Neon Oasis', '8:30 & B', 'Art-focused camp with interactive installations', 1787164080.139434, 'Carried in by campmates', 'Intoxicated but cooperative', 'Campmates asked them to leave', 'Cooler with drinks and first aid kit', 1787528390.159653, 'Friend drove them home', 'Alert and cheerful', 'Cot in shade structure', 'Thermal blanket wrap', '1 meal pog', 'Hot tea and oatmeal', 'Wet wipes and hand sanitizer'),
        (1, 70, 1786525348.208529, null, 'Guajillo', 'Jerry Reyes', 'Tan, aviator sunglasses, utility belt', 'Camp Wanderlust', '8:45 & D', 'Small camp of about 20 people with communal kitchen', 1786525440.950360, 'Carried in by campmates', 'Overheated and flushed', 'Conflict with campmates', 'Purse with personal items', 1786870630.978053, 'Transported by golf cart', 'Grateful and cooperative', null, null, '3 meal pogs', 'Water, electrolytes, granola bar', 'Wet wipes and hand sanitizer'),
        (1, 71, 1786485724.199096, 2, 'Toast', 'Lawrence Gutierrez', 'Dark curly hair, paint-stained hands, camera around neck', 'Camp Illumination', '7:00 & F', 'Costume and craft camp', 1786485900.685066, 'Walked over from neighboring camp', 'Lethargic and dehydrated', 'Sunstroke symptoms', 'Duffle bag with camping gear', 1786757628.811332, null, 'Grateful and cooperative', null, 'Clean t-shirt and shorts provided', null, 'Gatorade and trail mix', 'Map of BRC'),
        (1, 72, 1786612407.543973, null, 'Quantum', 'Amber Jackson', 'Bright blue hair, platform shoes, LED accessories', 'Electric Avenue', '11:00 & D', 'Workshop camp offering classes throughout the week', 1786612560.633188, 'Dropped off by friend', 'Distressed and crying', 'Separated from group during dust storm', 'Camelback and hat', 1786999204.479404, 'Art car ride back to camp', 'Eager to return to camp', 'Bean bag in dome', 'Sun hat and light shirt', '1 meal pog', null, null),
        (1, 73, 1785582921.726258, null, 'Troll', 'Gerald Harris', 'Young, freckled, wide-brimmed hat', 'The Thunderdome', '2:15 & A', 'Art-focused camp with interactive installations', 1785583140.495019, 'Self-referred', 'Cold and shivering', 'Feeling unsafe at current location', 'Backpack, sleeping bag, and flashlight', 1785684849.261745, null, 'Well-fed and rested', null, 'Clean t-shirt and shorts provided', null, 'Broth, toast, and herbal tea', 'Phone charger provided'),
        (1, 74, 1785995411.698128, null, 'Echo', 'Julie Campbell', 'Pink mohawk, leather jacket, steel-toed boots', 'Sand Castle', '10:30 & B', 'Dance camp with multiple stages', 1785995580.561999, 'Escorted by fellow participant', 'Lethargic and dehydrated', 'Disoriented after long night out', 'Bicycle and messenger bag', 1786366030.584106, 'Art car ride back to camp', 'Good spirits, ready to go', 'Reclining chair with shade', null, 'Breakfast pog', 'Cold water and energy bar', null),
        (1, 75, 1787650826.386042, null, 'Jasper', 'Stephanie Cox', 'Petite, blonde, faux fur coat', 'Burning Bliss', '4:30 & E', null, 1787651340.571145, 'Referred by camp lead', 'Coherent but emotional', 'Lost vehicle keys, stranded', 'Pillowcase with miscellaneous items', 1787858751.638289, 'Picked up by campmates', null, null, 'Warm hoodie and socks', 'Dinner pog', 'Gatorade and trail mix', 'Phone charger provided'),
        (1, 76, 1785934639.400814, null, 'Ember', 'Adam Miller', 'Tall and lanky, mismatched socks, big smile', 'Camp Serenity', '7:00 & F', 'First-year camp, still getting set up', 1785935100.970068, 'Walked in unassisted', 'Confused and disoriented', 'Ran out of water and food', 'Bicycle and messenger bag', 1786058711.595404, 'Walked out on own', 'Grateful and cooperative', 'Sleeping bag on foam pad', 'Thermal blanket wrap', '3 meal pogs', 'Soup, bread, and water', 'Sunscreen and aloe vera'),
        (1, 77, 1787460000.350021, null, 'Dust Devil', 'Charles Williams', 'Muscular, shaved head, many bracelets', 'Cosmic Kitchen', '11:30 & B', 'Healing arts camp offering massage and meditation', 1787460480.540218, 'Arrived via golf cart', 'Talkative and friendly', 'Seeking medical attention for blisters', 'Backpack, sleeping bag, and flashlight', 1787837584.769989, 'Arranged ride with neighbor', 'Feeling much better', 'Reclining chair with shade', 'Fresh socks and underwear', 'Dinner pog', 'Gatorade and trail mix', 'Sunscreen and aloe vera'),
        (1, 78, 1787772427.800674, null, 'Chipotle', 'Billy Morgan', 'Tall, sunburned, wearing tie-dye', 'Fire Circle', '6:00 & A', 'First-year camp, still getting set up', 1787772540.189772, 'Brought by medical team', 'Calm but tired', 'Campmates asked them to leave', 'Duffle bag with camping gear', 1787812669.648913, 'Walked out on own', 'Alert and cheerful', 'Bean bag in dome', 'Fresh socks and underwear', null, 'Soup, bread, and water', null),
        (1, 79, 1786501461.893435, null, 'Guajillo', 'Teresa Williams', 'Tall and lanky, mismatched socks, big smile', 'Camp Compassion', '4:30 & E', 'Workshop camp offering classes throughout the week', 1786501980.448671, 'Transported by art car', 'Lethargic and dehydrated', 'Lost campsite, cannot find way back', 'Just the clothes on their back', 1786794435.239890, null, 'Feeling much better', 'Bean bag in dome', 'Fresh socks and underwear', '1 meal pog', 'Broth, toast, and herbal tea', null),
        (1, 80, 1785670261.640418, null, 'Decibel', 'Harold Hughes', 'Fair skin, lots of glitter, feather earrings', 'Fire Circle', '5:30 & F', 'Healing arts camp offering massage and meditation', 1785670440.517568, 'Brought in by Ranger patrol', 'Talkative and friendly', 'Disoriented after long night out', 'Backpack with water bottle and sunscreen', 1785855136.955015, 'Friend drove them home', 'Good spirits, ready to go', 'Cot in shade structure', 'Fresh socks and underwear', '2 meal pogs', 'Cold water and energy bar', 'Dust mask and goggles'),
        (1, 81, 1787065965.485191, null, 'Griffin', 'Richard Wood', 'Slim, dark complexion, silver jewelry', 'Desert Dreamers', '9:00 & D', 'Costume and craft camp', 1787066160.936020, 'Walked in unassisted', 'Overheated and flushed', 'Sunstroke symptoms', 'Tote bag with snacks and water', 1787092559.644500, 'Medical transport', 'Eager to return to camp', 'Bean bag in dome', 'Sun hat and light shirt', null, null, 'Wet wipes and hand sanitizer'),
        (1, 82, 1786243480.144412, null, 'Wolf', 'Gloria Nguyen', 'Slim, dark complexion, silver jewelry', 'Camp Comfort', '7:45 & B', 'Fire performance camp with nightly shows', 1786243560.862120, 'Found wandering and guided here', 'Lethargic and dehydrated', 'Campmates asked them to leave', 'Fanny pack with ID and cash', 1786473320.469685, 'Walked to nearby camp', null, 'Blankets on ground pad', 'Sun hat and light shirt', null, 'Cold water and energy bar', 'Wet wipes and hand sanitizer'),
        (1, 83, 1787231762.484123, null, 'Volt', 'Ruth Campbell', 'Stocky, buzzcut, reflective vest', 'Camp Unity', '3:30 & E', 'Food-gifting camp serving breakfast daily', 1787231820.479742, 'Walked in from open playa', 'Calm but tired', 'Seeking medical attention for blisters', 'Purse with personal items', 1787574286.501451, null, 'Improved but cautious', 'Cot in shade structure', 'Sun hat and light shirt', '1 meal pog', 'Fruit, crackers, and juice', null),
        (1, 84, 1787103020.505785, null, 'Widget', 'Victoria Ross', 'Long braids, colorful scarf, tattoo on left arm', 'The Oasis', '2:15 & A', null, 1787103480.688956, 'Transported by art car', 'Sunburned and fatigued', 'First time at burn, feeling lost', 'Purse with personal items', 1787191125.223481, 'Friend drove them home', 'Good spirits, ready to go', 'Sleeping bag on foam pad', 'Clean t-shirt and shorts provided', '3 meal pogs', 'Rice and beans with water', null),
        (1, 85, 1786264881.404466, null, 'Spark Plug', 'Beverly Morales', 'Older, gray hair, kind eyes', 'Sparkle Pony Corral', '2:15 & A', 'Art-focused camp with interactive installations', 1786265100.414527, 'Carried in by campmates', 'Calm but tired', 'Disoriented after long night out', 'Small bag with wallet and phone', 1786506275.992717, null, 'Stable, given aftercare instructions', 'Bean bag in dome', 'Thermal blanket wrap', '1 meal pog', 'PB&J and coconut water', null),
        (1, 86, 1786056122.517500, null, 'Pasilla', 'Laura Thomas', 'Older, gray hair, kind eyes', 'The Thunderdome', '10:30 & B', null, 1786056300.851759, 'Walked in from open playa', 'Coherent but emotional', 'Lost vehicle keys, stranded', 'Water jug and blanket', 1786430616.853789, 'Left on bicycle', 'Improved but cautious', null, 'Sun hat and light shirt', '1 meal pog', 'Gatorade and trail mix', 'Dust mask and goggles'),
        (1, 87, 1786897141.627290, null, 'Harmony', 'Steven Green', 'Silver hair, weathered face, cowboy hat', 'Shade Seekers', '8:30 & B', 'Dance camp with multiple stages', 1786897560.158104, 'Found wandering and guided here', 'Shaken but stable', 'Ran out of water and food', 'Nothing - arrived with no possessions', 1787308023.971776, null, null, null, null, '3 meal pogs', 'Soup, bread, and water', 'Flashlight and batteries'),
        (1, 88, 1785859572.276827, null, 'Mole', 'Laura Hall', 'Stocky, buzzcut, reflective vest', 'Camp Kindness', '6:30 & E', 'Art-focused camp with interactive installations', 1785859740.720556, 'Self-referred', 'Agitated and anxious', 'Lost vehicle keys, stranded', 'Camelback and hat', 1786026388.708851, 'Escorted by Ranger to camp', 'Stable, given aftercare instructions', 'Reclining chair with shade', null, '1 meal pog', 'PB&J and coconut water', null),
        (1, 89, 1785908175.606404, null, 'Hue', 'William Brown', 'Long braids, colorful scarf, tattoo on left arm', 'Camp Flamingo', '12:00 & B', 'Bike repair and lending camp', 1785908520.356773, 'Found wandering and guided here', 'Agitated and anxious', 'Conflict with campmates', 'Duffle bag with camping gear', 1786243126.943776, 'Walked to nearby camp', 'Stable, given aftercare instructions', 'Cot in shade structure', null, 'Dinner pog', null, 'Dust mask and goggles'),
        (1, 90, 1787779036.639995, null, 'Cricket', 'Kenneth Cruz', 'Round face, colorful headband, dusty overalls', 'Camp Compassion', '8:30 & B', 'Veteran burner camp, well-organized infrastructure', 1787779500.688933, 'Transported by art car', 'Distressed and crying', 'Heat exhaustion symptoms', 'Just the clothes on their back', 1787942641.211341, null, null, 'Bean bag in dome', 'Thermal blanket wrap', null, 'Soup, bread, and water', 'Map of BRC'),
        (1, 91, 1786433067.589491, null, 'Juniper', 'Matthew Miller', 'Curly red hair, green tutu, goggles on forehead', 'Camp Harmony', '6:30 & E', 'Lounge camp with hammocks and shade', 1786433340.622987, 'Arrived on bicycle', 'Cold and shivering', 'Needed a quiet place to rest', 'Two bags of clothing and toiletries', 1786504776.423528, 'Left on bicycle', 'Alert and cheerful', 'Bean bag in dome', 'Fresh socks and underwear', '3 meal pogs', 'Rice and beans with water', null),
        (1, 92, 1786838183.483545, null, 'Heath', 'Sharon Howard', 'Medium build, bandana, cargo shorts', 'The Watering Hole', '4:30 & E', 'Tea and conversation camp, quiet atmosphere', 1786838700.900961, 'Carried in by campmates', 'Distressed and crying', 'Needed shelter from wind storm', 'Camelback and hat', 1787052072.522842, 'Art car ride back to camp', 'Rested and rehydrated', 'Sleeping bag on foam pad', 'Sarong and flip flops', '3 meal pogs', 'Hot tea and oatmeal', null),
        (1, 93, 1786497317.491326, null, 'Pixel', 'Teresa Torres', 'Long braids, colorful scarf, tattoo on left arm', 'Camp Harmony', '6:00 & A', 'Dance camp with multiple stages', 1786497900.933510, 'Arrived in personal vehicle', 'Shaken but stable', 'Lost all belongings in whiteout', 'Two bags of clothing and toiletries', 1786531921.455556, 'Walked to nearby camp', 'Stable, given aftercare instructions', null, 'Warm hoodie and socks', '3 meal pogs', 'Gatorade and trail mix', 'Flashlight and batteries'),
        (1, 94, 1787053477.270395, null, 'Silk', 'Keith Garcia', 'Short hair, nose ring, dusty boots', 'Camp Flamingo', '2:15 & A', 'Fire performance camp with nightly shows', 1787053680.512042, 'Arrived in personal vehicle', 'Intoxicated but cooperative', 'Panic attack in large crowd', 'Fanny pack with ID and cash', 1787136517.746447, 'Escorted by Ranger to camp', 'Alert and cheerful', null, 'Sun hat and light shirt', null, 'Broth, toast, and herbal tea', 'Map of BRC'),
        (1, 95, 1787563701.920934, null, 'Turbo', 'Judith Price', 'Tan, aviator sunglasses, utility belt', 'The Dust Bunny', '2:00 & E', 'Large theme camp near esplanade with shade structures', 1787564220.913864, 'Transported by art car', 'Coherent but emotional', 'Feeling unsafe at current location', 'Duffle bag with camping gear', 1787747776.706574, 'Walked to nearby camp', 'Calm and oriented', 'Cot in shade structure', null, null, 'Hot tea and oatmeal', null),
        (1, 96, 1787124963.539122, null, 'Tank', 'Judy Castillo', 'Dark curly hair, paint-stained hands, camera around neck', 'Lunar Landing', '11:30 & B', 'Workshop camp offering classes throughout the week', 1787125560.258787, 'Dropped off by friend', 'Cold and shivering', 'Minor injury, needed first aid', 'Backpack with water bottle and sunscreen', 1787159684.533020, 'Walked to nearby camp', null, 'Sleeping bag on foam pad', 'Fresh socks and underwear', '2 meal pogs', 'Rice and beans with water', 'Map of BRC'),
        (1, 97, 1787465878.808699, null, 'Scrappy', 'Alan Davis', 'Long beard, coveralls, tool belt', 'The Thunderdome', '6:00 & A', 'Veteran burner camp, well-organized infrastructure', 1787466360.909489, 'Arrived via golf cart', 'Coherent but emotional', 'Needed shelter from wind storm', 'Backpack, sleeping bag, and flashlight', 1787736657.855944, 'Arranged ride with neighbor', 'Grateful and cooperative', 'Hammock under canopy', null, null, 'PB&J and coconut water', 'Map of BRC'),
        (1, 98, 1787431590.386741, null, 'Wren', 'Amy Scott', 'Willowy, flower crown, flowing dress', 'The Dust Bunny', '10:30 & B', 'Tea and conversation camp, quiet atmosphere', 1787431860.401769, 'Arrived in personal vehicle', 'Lethargic and dehydrated', 'Overwhelmed by crowds and noise', 'Tote bag with snacks and water', 1787802555.227794, 'Shuttle to gate', 'Improved but cautious', 'Bean bag in dome', null, null, 'PB&J and coconut water', null),
        (1, 99, 1787174836.689318, null, 'Ogre', 'Donna Nguyen', 'Short hair, nose ring, dusty boots', 'Camp Kindness', '7:15 & A', 'Art-focused camp with interactive installations', 1787175240.829988, 'Transported by art car', 'Overheated and flushed', 'Disoriented after long night out', 'Purse with personal items', 1787381509.384815, 'Friend drove them home', null, 'Camp bed with pillow', 'Fresh socks and underwear', 'Breakfast pog', 'PB&J and coconut water', 'Dust mask and goggles'),
        (1, 100, 1785900540.598807, null, 'Ziggy', 'Doris Ortiz', 'Young, freckled, wide-brimmed hat', 'Fire Circle', '10:30 & B', 'Small camp of about 20 people with communal kitchen', 1785901140.600641, 'Brought in by Ranger patrol', 'Sunburned and fatigued', 'First time at burn, feeling lost', 'Tote bag with snacks and water', 1786296780.782139, 'Medical transport', 'Feeling much better', 'Hammock under canopy', 'Clean t-shirt and shorts provided', '3 meal pogs', 'Sandwich and lemonade', null),
        (1, 101, 1786094340.403528, null, 'Pepper', 'Eugene Kelly', 'Young, freckled, wide-brimmed hat', 'Solar Flare', '1:00 & F', 'Small camp of about 20 people with communal kitchen', 1786094400.139286, 'Walked over from neighboring camp', 'Overheated and flushed', 'Needed a quiet place to rest', 'Duffle bag with camping gear', 1786251239.109717, null, 'Still tired but stable', 'Cot in shade structure', 'Sarong and flip flops', null, 'Soup, bread, and water', null),
        (1, 102, 1786386737.114768, null, 'Amp', 'Gloria Ortiz', 'Fair skin, lots of glitter, feather earrings', 'The Thunderdome', '6:30 & E', null, 1786387080.872399, 'Carried in by campmates', 'Lethargic and dehydrated', 'Overwhelmed by crowds and noise', 'Cooler with drinks and first aid kit', 1786450536.453487, 'Picked up by campmates', 'Grateful and cooperative', 'Hammock under canopy', null, 'Dinner pog', null, 'Phone charger provided'),
        (1, 103, 1787736763.568436, null, 'Volt', 'Ruth Diaz', 'Stocky, buzzcut, reflective vest', 'Midnight Mirage', '7:45 & B', 'Workshop camp offering classes throughout the week', 1787736960.890371, 'Found wandering and guided here', 'Confused and disoriented', 'Needed a quiet place to rest', 'Nothing - arrived with no possessions', 1788097740.379963, 'Medical transport', 'Grateful and cooperative', 'Air mattress in tent', 'Clean t-shirt and shorts provided', 'Dinner pog', 'Sandwich and lemonade', 'Earplugs and eye mask'),
        (1, 104, 1786440434.331577, 2, 'Candela', 'Jacob Davis', 'Pink mohawk, leather jacket, steel-toed boots', 'Sparkle Pony Corral', '8:30 & B', 'Tea and conversation camp, quiet atmosphere', 1786441020.329772, 'Dropped off by friend', 'Sunburned and fatigued', 'Panic attack in large crowd', 'Pillowcase with miscellaneous items', 1786827218.240057, null, null, 'Reclining chair with shade', 'Warm hoodie and socks', 'Dinner pog', 'Cold water and energy bar', null),
        (1, 105, 1786854158.217659, null, 'Neon', 'Carl Long', 'Willowy, flower crown, flowing dress', 'Camp Resilience', '11:30 & B', 'Veteran burner camp, well-organized infrastructure', 1786854540.164758, 'Arrived in personal vehicle', 'Agitated and anxious', 'Seeking medical attention for blisters', 'Two bags of clothing and toiletries', 1787253768.969032, null, 'Feeling much better', null, null, null, 'Gatorade and trail mix', null),
        (1, 106, 1787068971.160541, null, 'Cosmo', 'Hannah Cruz', 'Bearded, glasses, Hawaiian shirt', 'Playa Pals', '8:00 & C', null, 1787069520.685941, 'Brought in by Ranger patrol', 'Overheated and flushed', 'Panic attack in large crowd', 'Fanny pack with ID and cash', 1787376980.584838, null, 'Rested and rehydrated', 'Camp bed with pillow', 'Sun hat and light shirt', null, 'Rice and beans with water', null),
        (1, 107, 1787391555.906325, null, 'Spark', 'Elijah Ramirez', 'Tan, aviator sunglasses, utility belt', 'Shade Seekers', '4:30 & E', 'Lounge camp with hammocks and shade', 1787391960.242007, 'Transported by art car', 'Talkative and friendly', 'Separated from group during dust storm', 'Backpack, sleeping bag, and flashlight', 1787410573.903028, 'Walked out on own', 'Feeling much better', 'Camp bed with pillow', 'Clean t-shirt and shorts provided', 'Dinner pog', 'Sandwich and lemonade', 'Phone charger provided'),
        (1, 108, 1787355277.975373, null, 'Gadget', 'Zachary Carter', 'Tall and lanky, mismatched socks, big smile', 'Desert Rats', '3:30 & E', null, 1787355660.103642, 'Dropped off by friend', 'Quiet and withdrawn', 'Ran out of water and food', 'Small bag with wallet and phone', 1787583250.892911, 'Escorted by Ranger to camp', 'Well-fed and rested', 'Blankets on ground pad', null, '3 meal pogs', null, 'Earplugs and eye mask'),
        (1, 109, 1785575983.170559, null, 'Gadget', 'Ryan Young', 'Olive skin, septum piercing, combat boots', 'Electric Avenue', '2:15 & A', 'Bike repair and lending camp', 1785576540.205797, 'Arrived on bicycle', 'Overheated and flushed', 'Feeling unsafe at current location', 'Backpack with water bottle and sunscreen', 1785936847.722795, null, 'Stable, given aftercare instructions', 'Blankets on ground pad', null, '2 meal pogs', 'Fruit, crackers, and juice', 'Earplugs and eye mask'),
        (1, 110, 1785681431.250219, null, 'Echo', 'Aaron Cruz', 'Young, freckled, wide-brimmed hat', 'Solar Flare', '8:00 & C', 'Small camp of about 20 people with communal kitchen', 1785681480.792282, 'Dropped off by friend', 'Shaken but stable', 'Campmates asked them to leave', 'Bicycle and messenger bag', 1786041013.646571, null, null, null, 'Thermal blanket wrap', null, 'Fruit, crackers, and juice', 'Dust mask and goggles'),
        (1, 111, 1786195078.414455, null, 'Hadron', 'Wayne Thompson', 'Silver hair, weathered face, cowboy hat', 'Playa Pals', '4:00 & D', null, 1786195140.494747, 'Carried in by campmates', 'Alert and oriented', 'Ran out of water and food', 'Purse with personal items', 1786346599.292811, 'Called friend for pickup', 'Eager to return to camp', null, 'Thermal blanket wrap', null, 'Sandwich and lemonade', 'Phone charger provided'),
        (1, 112, 1787678770.571635, null, 'Mole', 'Andrew Reyes', 'Bright blue hair, platform shoes, LED accessories', 'The Watering Hole', '9:30 & F', 'Lounge camp with hammocks and shade', 1787679000.988283, 'Walked in unassisted', 'Shaken but stable', 'Panic attack in large crowd', 'Nothing - arrived with no possessions', 1787812536.489102, 'Arranged ride with neighbor', 'Good spirits, ready to go', 'Reclining chair with shade', 'Fresh socks and underwear', null, null, 'First aid for minor cuts'),
        (1, 113, 1785779108.223014, null, 'Pascal', 'Bryan Cox', 'Short hair, nose ring, dusty boots', 'Shade Seekers', '8:00 & C', null, 1785779160.883159, 'Arrived on bicycle', 'Intoxicated but cooperative', 'Overwhelmed by crowds and noise', 'Two bags of clothing and toiletries', 1785886227.890973, null, 'Grateful and cooperative', 'Reclining chair with shade', 'Clean t-shirt and shorts provided', 'Breakfast pog', 'Fruit, crackers, and juice', null),
        (1, 114, 1786866031.592296, null, 'Heath', 'Teresa Adams', 'Bald, full sleeve tattoos, tank top', 'Camp Kindness', '1:30 & C', 'Dance camp with multiple stages', 1786866240.898625, 'Arrived via golf cart', 'Quiet and withdrawn', 'Ran out of water and food', 'Camelback and hat', 1787190320.980521, 'Friend drove them home', 'Grateful and cooperative', null, null, null, 'Gatorade and trail mix', null),
        (1, 115, 1786428957.818113, 1, 'Rascal', 'Donna Williams', 'Muscular, shaved head, many bracelets', 'Camp Wanderlust', '9:15 & F', 'Lounge camp with hammocks and shade', 1786429380.453961, 'Self-referred', 'Calm but tired', 'Overwhelmed by crowds and noise', 'Just the clothes on their back', 1786600641.369826, 'Transported by golf cart', 'Eager to return to camp', null, 'Fresh socks and underwear', null, 'PB&J and coconut water', null),
        (1, 116, 1787672258.244170, null, 'Plucky', 'Alexander Perez', 'Petite, blonde, faux fur coat', 'Sand Castle', '9:30 & F', null, 1787672760.983472, 'Dropped off by friend', 'Overheated and flushed', 'Lost vehicle keys, stranded', 'Purse with personal items', 1788016392.761338, 'Walked out on own', 'Well-fed and rested', 'Cot in shade structure', 'Warm hoodie and socks', '2 meal pogs', 'Water, electrolytes, granola bar', 'Flashlight and batteries'),
        (1, 117, 1786157091.388086, null, 'Nutmeg', 'Catherine Davis', 'Dark curly hair, paint-stained hands, camera around neck', 'Fire Circle', '3:30 & E', null, 1786157100.661762, 'Found wandering and guided here', 'Intoxicated but cooperative', 'Lost campsite, cannot find way back', 'Backpack with water bottle and sunscreen', 1786243483.400614, 'Art car ride back to camp', 'Well-fed and rested', 'Blankets on ground pad', 'Clean t-shirt and shorts provided', '2 meal pogs', 'PB&J and coconut water', null),
        (1, 118, 1785602680.692447, null, 'Bear', 'Margaret Gonzalez', 'Stocky, buzzcut, reflective vest', 'Neon Oasis', '10:30 & B', 'Veteran burner camp, well-organized infrastructure', 1785603120.355021, 'Escorted by fellow participant', 'Shaken but stable', 'Lost all belongings in whiteout', 'Two bags of clothing and toiletries', 1785976199.831105, 'Left on bicycle', 'Calm and oriented', 'Blankets on ground pad', 'Warm hoodie and socks', null, 'Sandwich and lemonade', 'Wet wipes and hand sanitizer'),
        (1, 119, 1786182148.340927, null, 'Gadget', 'Dennis Peterson', 'Fair skin, lots of glitter, feather earrings', 'The Watering Hole', '12:00 & B', 'Large theme camp near esplanade with shade structures', 1786182180.321686, 'Brought by medical team', 'Calm but tired', 'Separated from group during dust storm', 'Fanny pack with ID and cash', 1786231646.825916, null, 'Eager to return to camp', 'Bean bag in dome', null, '1 meal pog', 'PB&J and coconut water', 'Sunscreen and aloe vera'),
        (1, 120, 1788028124.352153, null, 'Nomad', 'Gloria Reed', 'Pink mohawk, leather jacket, steel-toed boots', 'Camp Flamingo', '5:30 & F', 'Fire performance camp with nightly shows', 1788028200.694223, 'Walked in from open playa', 'Agitated and anxious', 'Conflict with campmates', 'Nothing - arrived with no possessions', 1788134209.975194, null, null, 'Blankets on ground pad', 'Warm hoodie and socks', 'Dinner pog', 'Soup, bread, and water', null),
        (1, 121, 1787920587.764926, null, 'Cedar', 'Harry Castillo', 'Long braids, colorful scarf, tattoo on left arm', 'Camp Serenity', '1:00 & F', 'Costume and craft camp', 1787920980.386604, 'Walked in from open playa', 'Confused and disoriented', 'Emotional distress after temple visit', 'Bicycle and messenger bag', 1788133041.921609, null, 'Feeling much better', 'Bean bag in dome', null, null, 'Cold water and energy bar', 'Sunscreen and aloe vera'),
        (1, 122, 1786806274.846247, null, 'Waffle', 'Melissa Mendoza', 'Tan, aviator sunglasses, utility belt', 'Camp Resilience', '1:30 & C', 'Art-focused camp with interactive installations', 1786806840.921968, 'Arrived in personal vehicle', 'Distressed and crying', 'Campmates asked them to leave', 'Cooler with drinks and first aid kit', 1787000587.764693, 'Transported by golf cart', null, 'Sleeping bag on foam pad', 'Warm hoodie and socks', 'Dinner pog', 'Soup, bread, and water', 'Flashlight and batteries'),
        (1, 123, 1785971871.193972, null, 'Dust Devil', 'Brandon Cruz', 'Medium build, bandana, cargo shorts', 'Mystic Mesa', '6:15 & E', 'Sound camp with DJ sets nightly', 1785972240.471106, 'Dropped off by friend', 'Confused and disoriented', 'Needed a quiet place to rest', 'Duffle bag with camping gear', 1786145470.681141, 'Medical transport', 'Well-fed and rested', null, null, null, 'Gatorade and trail mix', 'Sunscreen and aloe vera'),
        (1, 124, 1785785548.381444, null, 'Coyote', 'Justin Evans', 'Tall and lanky, mismatched socks, big smile', 'Lunar Landing', '7:45 & B', null, 1785785880.617077, 'Walked over from neighboring camp', 'Agitated and anxious', 'Conflict with campmates', 'Backpack, sleeping bag, and flashlight', 1786204351.253023, 'Escorted by Ranger to camp', 'Stable, given aftercare instructions', 'Blankets on ground pad', 'Sun hat and light shirt', '3 meal pogs', 'Hot tea and oatmeal', 'Dust mask and goggles'),
        (1, 125, 1785734389.498343, null, 'Bandit', 'Patrick Allen', 'Young, freckled, wide-brimmed hat', 'Sand Castle', '12:00 & B', null, 1785734820.943135, 'Escorted by fellow participant', 'Distressed and crying', 'Overwhelmed by crowds and noise', 'Fanny pack with ID and cash', 1785886703.445549, 'Picked up by campmates', 'Still tired but stable', 'Reclining chair with shade', 'Clean t-shirt and shorts provided', null, 'Cold water and energy bar', null),
        (1, 126, 1786789481.219420, null, 'Muon', 'Beverly Sanchez', 'Fair skin, lots of glitter, feather earrings', 'Midnight Mirage', '5:30 & F', 'Workshop camp offering classes throughout the week', 1786789620.691240, 'Transported by art car', 'Lethargic and dehydrated', 'Needed shelter from wind storm', 'Water jug and blanket', 1787138150.309505, null, 'Good spirits, ready to go', 'Bean bag in dome', 'Sarong and flip flops', 'Dinner pog', 'Sandwich and lemonade', 'Map of BRC'),
        (1, 127, 1787158897.849979, 2, 'Mole', 'Rebecca Cruz', 'Wavy brown hair, wire-rim glasses, linen pants', 'Camp Kindness', '11:30 & B', 'Art-focused camp with interactive installations', 1787159460.543681, 'Referred by camp lead', 'Cold and shivering', 'Emotional distress after temple visit', 'Purse with personal items', 1787524073.927406, 'Medical transport', 'Still tired but stable', 'Reclining chair with shade', 'Fresh socks and underwear', 'Dinner pog', null, 'Phone charger provided'),
        (1, 128, 1786587590.742439, null, 'Turbo', 'Andrea Ruiz', 'Round face, colorful headband, dusty overalls', 'Solar Flare', '4:30 & E', 'Costume and craft camp', 1786588080.146448, 'Brought by medical team', 'Overheated and flushed', 'Lost vehicle keys, stranded', 'Water jug and blanket', 1786908769.690579, 'Called friend for pickup', 'Feeling much better', 'Sleeping bag on foam pad', 'Fresh socks and underwear', null, 'Soup, bread, and water', null),
        (1, 129, 1787348121.909859, null, 'Waffle', 'Margaret Johnson', 'Bearded, glasses, Hawaiian shirt', 'Burning Bliss', '10:30 & B', null, 1787348460.812565, 'Brought by medical team', 'Shaken but stable', 'Lost vehicle keys, stranded', 'Water jug and blanket', 1787565174.717181, 'Shuttle to gate', 'Alert and cheerful', 'Air mattress in tent', null, null, 'Sandwich and lemonade', 'Wet wipes and hand sanitizer'),
        (1, 130, 1787501315.857065, null, 'Twilight', 'Adam Hernandez', 'Bearded, glasses, Hawaiian shirt', 'Sand Castle', '2:15 & A', 'Costume and craft camp', 1787501340.830609, 'Self-referred', 'Coherent but emotional', 'Disoriented after long night out', 'Cooler with drinks and first aid kit', 1787689402.574425, 'Transported by golf cart', 'Well-fed and rested', 'Camp bed with pillow', 'Thermal blanket wrap', null, 'Gatorade and trail mix', 'Wet wipes and hand sanitizer'),
        (1, 131, 1786414623.293411, 2, 'Ohm', 'Margaret Gray', 'Wavy brown hair, wire-rim glasses, linen pants', 'Camp Illumination', '9:15 & F', 'First-year camp, still getting set up', 1786414740.295440, 'Arrived via golf cart', 'Calm but tired', 'Lost vehicle keys, stranded', 'Nothing - arrived with no possessions', 1786445366.771590, 'Left on bicycle', 'Well-fed and rested', 'Blankets on ground pad', null, 'Breakfast pog', 'Sandwich and lemonade', null),
        (1, 132, 1787404898.579776, null, 'Muffin', 'Heather Smith', 'Long beard, coveralls, tool belt', 'Cosmic Kitchen', '8:00 & C', 'Bike repair and lending camp', 1787405100.219490, 'Arrived in personal vehicle', 'Talkative and friendly', 'Separated from group during dust storm', 'Water jug and blanket', 1787427605.375097, 'Picked up by campmates', null, null, 'Sun hat and light shirt', null, 'Cold water and energy bar', 'Earplugs and eye mask'),
        (1, 133, 1787412460.420214, null, 'Tau', 'Tyler Ramos', 'Bearded, glasses, Hawaiian shirt', 'Electric Avenue', '7:00 & F', 'Dance camp with multiple stages', 1787412780.222629, 'Escorted by fellow participant', 'Calm but tired', 'Campmates asked them to leave', 'Pillowcase with miscellaneous items', 1787755056.291936, 'Walked to nearby camp', 'Alert and cheerful', 'Sleeping bag on foam pad', 'Sun hat and light shirt', null, 'Gatorade and trail mix', 'Earplugs and eye mask'),
        (1, 134, 1786572143.749498, null, 'Cedar', 'Madison Roberts', 'Round face, colorful headband, dusty overalls', 'Radical Rest Stop', '2:00 & E', null, 1786572540.156215, 'Brought by medical team', 'Overheated and flushed', 'Needed a quiet place to rest', 'Backpack, sleeping bag, and flashlight', 1786847559.476479, 'Escorted by Ranger to camp', 'Improved but cautious', 'Reclining chair with shade', 'Sun hat and light shirt', '3 meal pogs', 'Cold water and energy bar', 'Wet wipes and hand sanitizer'),
        (1, 135, 1785596487.388204, null, 'Guajillo', 'Denise Murphy', 'Round face, colorful headband, dusty overalls', 'Playa Pals', '2:00 & E', 'Lounge camp with hammocks and shade', 1785596880.335765, 'Brought by medical team', 'Cold and shivering', 'Disoriented after long night out', 'Fanny pack with ID and cash', 1785706383.663723, 'Escorted by Ranger to camp', 'Feeling much better', null, 'Clean t-shirt and shorts provided', 'Breakfast pog', 'Hot tea and oatmeal', 'Sunscreen and aloe vera'),
        (1, 136, 1786340361.871740, null, 'Troll', 'Roger Peterson', 'Stocky, buzzcut, reflective vest', 'Sparkle Pony Corral', '5:00 & C', 'Sound camp with DJ sets nightly', 1786340940.970392, 'Self-referred', 'Sleepy but responsive', 'Lost vehicle keys, stranded', 'Two bags of clothing and toiletries', 1786587908.785424, 'Left on bicycle', 'Well-fed and rested', 'Cot in shade structure', null, 'Breakfast pog', 'Sandwich and lemonade', 'First aid for minor cuts'),
        (1, 137, 1787641880.697766, null, 'Pepper', 'Peter Thomas', 'Bald, full sleeve tattoos, tank top', 'Solar Sanctuary', '8:00 & C', 'Costume and craft camp', 1787642340.467856, 'Referred by camp lead', 'Talkative and friendly', 'Seeking medical attention for blisters', 'Purse with personal items', 1787666438.658136, 'Arranged ride with neighbor', 'Still tired but stable', null, 'Sun hat and light shirt', 'Breakfast pog', 'Fruit, crackers, and juice', 'Sunscreen and aloe vera'),
        (1, 138, 1786303709.437742, null, 'Sunshine', 'Justin Kelly', 'Muscular, shaved head, many bracelets', 'Camp Serenity', '2:30 & A', 'Sound camp with DJ sets nightly', 1786304040.968726, 'Dropped off by friend', 'Sleepy but responsive', 'Emotional distress after temple visit', 'Pillowcase with miscellaneous items', 1786399518.359579, 'Walked out on own', 'Calm and oriented', 'Hammock under canopy', 'Sun hat and light shirt', 'Breakfast pog', 'Soup, bread, and water', null),
        (1, 139, 1787692955.911739, null, 'Maverick', 'Roy Turner', 'Tall and lanky, mismatched socks, big smile', 'The Commune', '7:45 & B', 'Art-focused camp with interactive installations', 1787693100.988319, 'Walked in unassisted', 'Shaken but stable', 'Lost all belongings in whiteout', 'Tote bag with snacks and water', 1787956917.868316, null, 'Grateful and cooperative', 'Camp bed with pillow', null, null, 'Broth, toast, and herbal tea', 'Sunscreen and aloe vera'),
        (1, 140, 1785799374.899281, null, 'Turbo', 'Diane Ramirez', 'Round face, colorful headband, dusty overalls', 'Cosmic Kitchen', '2:00 & E', 'Bike repair and lending camp', 1785799740.150760, 'Transported by art car', 'Cold and shivering', 'Campmates asked them to leave', 'Just the clothes on their back', 1786139779.148174, 'Art car ride back to camp', 'Alert and cheerful', 'Hammock under canopy', null, null, 'Cold water and energy bar', null),
        (1, 141, 1785876584.796787, null, 'Opal', 'Peter Collins', 'Tall, sunburned, wearing tie-dye', 'Camp Curiosity', '8:00 & C', 'Healing arts camp offering massage and meditation', 1785876600.780432, 'Walked over from neighboring camp', 'Quiet and withdrawn', 'Campmates asked them to leave', 'Nothing - arrived with no possessions', 1786124753.273565, null, 'Calm and oriented', 'Sleeping bag on foam pad', 'Thermal blanket wrap', 'Dinner pog', 'Gatorade and trail mix', 'Map of BRC'),
        (1, 142, 1785674161.827744, null, 'Shadow', 'Bobby Gonzalez', 'Tall, sunburned, wearing tie-dye', 'Cosmic Kitchen', '2:00 & E', 'Art-focused camp with interactive installations', 1785674400.238595, 'Dropped off by friend', 'Distressed and crying', 'Minor injury, needed first aid', 'Backpack, sleeping bag, and flashlight', 1785841774.600905, 'Called friend for pickup', 'Improved but cautious', 'Cot in shade structure', 'Clean t-shirt and shorts provided', null, 'Gatorade and trail mix', 'Flashlight and batteries'),
        (1, 143, 1785741736.857524, null, 'Glitch', 'Scott Moore', 'Tall and lanky, mismatched socks, big smile', 'Lunar Landing', '11:30 & B', 'Healing arts camp offering massage and meditation', 1785741840.323404, 'Found wandering and guided here', 'Quiet and withdrawn', 'Heat exhaustion symptoms', 'Small bag with wallet and phone', 1785795875.758589, 'Art car ride back to camp', 'Alert and cheerful', 'Cot in shade structure', null, '3 meal pogs', 'Rice and beans with water', 'Map of BRC'),
        (1, 144, 1787547027.729153, null, 'Pepper', 'Betty Moore', 'Bald, full sleeve tattoos, tank top', 'Sparkle Pony Corral', '5:00 & C', 'Workshop camp offering classes throughout the week', 1787547480.856211, 'Transported by art car', 'Sunburned and fatigued', 'First time at burn, feeling lost', 'Cooler with drinks and first aid kit', 1787770534.737107, 'Escorted by Ranger to camp', 'Good spirits, ready to go', 'Reclining chair with shade', 'Warm hoodie and socks', 'Breakfast pog', 'PB&J and coconut water', null),
        (1, 145, 1786398952.478638, null, 'Pion', 'Jeremy Harris', 'Freckled, pigtails, rainbow suspenders', 'Stellar Station', '11:00 & D', 'Small camp of about 20 people with communal kitchen', 1786399260.431845, 'Arrived in personal vehicle', 'Overheated and flushed', 'Minor injury, needed first aid', 'Fanny pack with ID and cash', 1786751654.238394, 'Arranged ride with neighbor', 'Feeling much better', 'Air mattress in tent', null, '1 meal pog', 'PB&J and coconut water', 'Sunscreen and aloe vera'),
        (1, 146, 1786645001.625387, null, 'Goblin', 'Carl Foster', 'Long braids, colorful scarf, tattoo on left arm', 'Sunrise Saloon', '5:00 & C', 'Art-focused camp with interactive installations', 1786645560.904373, 'Walked in from open playa', 'Lethargic and dehydrated', 'Overwhelmed by crowds and noise', 'Backpack with water bottle and sunscreen', 1786844341.535612, null, 'Rested and rehydrated', 'Blankets on ground pad', null, 'Dinner pog', null, null),
        (1, 147, 1786745751.160718, null, 'Jade', 'Brenda Hernandez', 'Curly red hair, green tutu, goggles on forehead', 'Desert Rats', '6:00 & A', 'Veteran burner camp, well-organized infrastructure', 1786746300.356355, 'Arrived in personal vehicle', 'Calm but tired', 'Lost vehicle keys, stranded', 'Just the clothes on their back', 1786796715.190400, 'Arranged ride with neighbor', 'Alert and cheerful', 'Sleeping bag on foam pad', 'Windbreaker jacket', null, null, 'Earplugs and eye mask'),
        (1, 148, 1786678084.886197, null, 'Rascal', 'Russell Patel', 'Athletic build, dreadlocks, face paint', 'Sparkle Pony Corral', '3:00 & C', 'Healing arts camp offering massage and meditation', 1786678140.919067, 'Brought by medical team', 'Alert and oriented', 'Needed a quiet place to rest', 'Fanny pack with ID and cash', 1787006359.381819, 'Left on bicycle', 'Well-fed and rested', null, 'Windbreaker jacket', '3 meal pogs', 'Cold water and energy bar', 'Phone charger provided'),
        (1, 149, 1787542997.910894, null, 'Rebel', 'Lawrence Rodriguez', 'Muscular, shaved head, many bracelets', 'Camp Euphoria', '5:00 & C', 'Art-focused camp with interactive installations', 1787543340.207903, 'Carried in by campmates', 'Intoxicated but cooperative', 'Panic attack in large crowd', 'Just the clothes on their back', 1787565931.701790, 'Walked out on own', 'Improved but cautious', null, 'Sun hat and light shirt', null, 'Soup, bread, and water', 'Dust mask and goggles'),
        (1, 150, 1787439499.855276, 1, 'Sterling', 'Barbara Stewart', 'Medium build, bandana, cargo shorts', 'Camp Harmony', '9:15 & F', 'Healing arts camp offering massage and meditation', 1787440020.435476, 'Dropped off by friend', 'Overheated and flushed', 'Dehydrated and needed rest', 'Backpack, sleeping bag, and flashlight', 1787566969.384434, null, null, 'Blankets on ground pad', 'Fresh socks and underwear', null, 'Fruit, crackers, and juice', 'Flashlight and batteries'),
        (1, 151, 1787798038.108356, null, 'Luna', 'Dorothy Lewis', 'Wavy brown hair, wire-rim glasses, linen pants', 'Rhythm Ranch', '4:30 & E', 'Workshop camp offering classes throughout the week', 1787798160.486839, 'Brought in by Ranger patrol', 'Overheated and flushed', 'Disoriented after long night out', 'Two bags of clothing and toiletries', 1788000818.310418, 'Friend drove them home', null, 'Reclining chair with shade', 'Thermal blanket wrap', '1 meal pog', 'PB&J and coconut water', 'Wet wipes and hand sanitizer'),
        (1, 152, 1786387552.110060, null, 'Hadron', 'Roger Foster', 'Bald, full sleeve tattoos, tank top', 'Playa Provisions', '1:00 & F', null, 1786387800.451291, 'Arrived in personal vehicle', 'Sleepy but responsive', 'Minor injury, needed first aid', 'Nothing - arrived with no possessions', 1786554336.101533, 'Walked out on own', 'Eager to return to camp', 'Cot in shade structure', 'Fresh socks and underwear', null, null, null),
        (1, 153, 1787692726.708982, null, 'Diesel', 'Jacob Turner', 'Fair skin, lots of glitter, feather earrings', 'The Watering Hole', '2:15 & A', 'Bike repair and lending camp', 1787693040.200219, 'Brought in by Ranger patrol', 'Alert and oriented', 'Minor injury, needed first aid', 'Pillowcase with miscellaneous items', 1788087207.629979, null, 'Well-fed and rested', 'Blankets on ground pad', 'Thermal blanket wrap', null, null, 'First aid for minor cuts'),
        (1, 154, 1785963044.178315, null, 'Cricket', 'Virginia James', 'Petite, blonde, faux fur coat', 'Solar Sanctuary', '11:00 & D', 'Bike repair and lending camp', 1785963120.312559, 'Referred by camp lead', 'Coherent but emotional', 'Sunstroke symptoms', 'Tote bag with snacks and water', 1786177073.242723, null, null, 'Bean bag in dome', 'Thermal blanket wrap', null, 'Hot tea and oatmeal', 'Earplugs and eye mask'),
        (1, 155, 1787681052.732608, null, 'Thyme', 'Benjamin Evans', 'Bearded, glasses, Hawaiian shirt', 'Solar Flare', '7:00 & F', 'Veteran burner camp, well-organized infrastructure', 1787681160.142288, 'Carried in by campmates', 'Lethargic and dehydrated', 'Disoriented after long night out', 'Camelback and hat', 1787769839.325465, null, 'Feeling much better', 'Sleeping bag on foam pad', 'Sun hat and light shirt', 'Dinner pog', null, null),
        (1, 156, 1787825086.227352, null, 'Satin', 'Cheryl Miller', 'Pink mohawk, leather jacket, steel-toed boots', 'The Dust Bunny', '6:15 & E', 'Food-gifting camp serving breakfast daily', 1787825340.112537, 'Walked in from open playa', 'Sunburned and fatigued', 'Disoriented after long night out', 'Backpack, sleeping bag, and flashlight', 1787880361.164664, 'Shuttle to gate', 'Well-fed and rested', 'Air mattress in tent', 'Warm hoodie and socks', null, 'Gatorade and trail mix', 'Phone charger provided'),
        (1, 157, 1787814070.583388, null, 'Tachyon', 'Grace Hernandez', 'Tan, aviator sunglasses, utility belt', 'Camp Nebula', '6:15 & E', 'Art-focused camp with interactive installations', 1787814480.153097, 'Walked in from open playa', 'Confused and disoriented', 'Overwhelmed by crowds and noise', 'Pillowcase with miscellaneous items', 1787925558.276149, 'Called friend for pickup', 'Improved but cautious', 'Hammock under canopy', 'Warm hoodie and socks', null, 'Gatorade and trail mix', 'Sunscreen and aloe vera'),
        (1, 158, 1787147116.623125, null, 'Gadget', 'Randy Diaz', 'Athletic build, dreadlocks, face paint', 'Electric Avenue', '8:00 & C', 'Food-gifting camp serving breakfast daily', 1787147520.532005, 'Self-referred', 'Lethargic and dehydrated', 'Disoriented after long night out', 'Pillowcase with miscellaneous items', 1787534530.677438, 'Escorted by Ranger to camp', 'Rested and rehydrated', null, null, 'Breakfast pog', null, 'Dust mask and goggles'),
        (1, 159, 1786841908.626797, null, 'Dove', 'Dylan Ortiz', 'Young, freckled, wide-brimmed hat', 'Fire Circle', '8:45 & D', null, 1786842300.437226, 'Arrived in personal vehicle', 'Alert and oriented', 'Sunstroke symptoms', 'Cooler with drinks and first aid kit', 1786996183.507247, 'Shuttle to gate', 'Grateful and cooperative', 'Camp bed with pillow', null, null, 'Cold water and energy bar', null),
        (1, 160, 1786251436.472039, 2, 'Sol', 'Carl Ortiz', 'Medium build, bandana, cargo shorts', 'Lunar Landing', '5:00 & C', 'First-year camp, still getting set up', 1786251660.979988, 'Dropped off by friend', 'Confused and disoriented', 'Minor injury, needed first aid', 'Purse with personal items', 1786426043.986278, 'Transported by golf cart', 'Calm and oriented', null, 'Clean t-shirt and shorts provided', 'Breakfast pog', 'Broth, toast, and herbal tea', 'Flashlight and batteries'),
        (1, 161, 1785992975.139807, null, 'Sievert', 'Carolyn Ramos', 'Tall, sunburned, wearing tie-dye', 'Camp Euphoria', '7:15 & A', 'Costume and craft camp', 1785993300.194641, 'Escorted by fellow participant', 'Distressed and crying', 'Heat exhaustion symptoms', 'Water jug and blanket', 1786311150.158896, 'Transported by golf cart', null, 'Camp bed with pillow', null, 'Dinner pog', 'Soup, bread, and water', 'Wet wipes and hand sanitizer'),
        (1, 162, 1786215901.176054, null, 'Astro', 'Abigail Sanchez', 'Wavy brown hair, wire-rim glasses, linen pants', 'The Thunderdome', '3:45 & A', 'Food-gifting camp serving breakfast daily', 1786216440.491738, 'Walked over from neighboring camp', 'Sleepy but responsive', 'First time at burn, feeling lost', 'Backpack with water bottle and sunscreen', 1786234088.838761, 'Walked out on own', 'Still tired but stable', null, 'Sun hat and light shirt', '1 meal pog', 'PB&J and coconut water', 'Map of BRC'),
        (1, 163, 1787401876.869649, null, 'River', 'Kenneth Sanders', 'Round face, colorful headband, dusty overalls', 'Fire Circle', '2:00 & E', 'Fire performance camp with nightly shows', 1787402220.821942, 'Dropped off by friend', 'Talkative and friendly', 'Lost vehicle keys, stranded', 'Tote bag with snacks and water', 1787462389.408823, null, 'Alert and cheerful', 'Bean bag in dome', 'Fresh socks and underwear', '3 meal pogs', 'Sandwich and lemonade', 'Dust mask and goggles'),
        (1, 164, 1785908174.276042, null, 'Ogre', 'Sara Jones', 'Athletic build, dreadlocks, face paint', 'Whiskey & Dust', '3:45 & A', 'First-year camp, still getting set up', 1785908760.767090, 'Found wandering and guided here', 'Distressed and crying', 'Feeling unsafe at current location', 'Pillowcase with miscellaneous items', 1785916902.193035, 'Medical transport', 'Still tired but stable', 'Bean bag in dome', 'Warm hoodie and socks', 'Breakfast pog', 'Cold water and energy bar', 'Map of BRC'),
        (1, 165, 1787870177.468292, null, 'Rogue', 'Rebecca Young', 'Long beard, coveralls, tool belt', 'Shade Seekers', '7:00 & F', 'Bike repair and lending camp', 1787870520.672547, 'Arrived in personal vehicle', 'Confused and disoriented', 'Lost campsite, cannot find way back', 'Backpack with water bottle and sunscreen', 1788131412.493580, 'Arranged ride with neighbor', 'Improved but cautious', 'Blankets on ground pad', 'Sun hat and light shirt', null, 'Rice and beans with water', 'Flashlight and batteries'),
        (1, 166, 1785858370.743453, null, 'Harmony', 'David Nguyen', 'Tall, sunburned, wearing tie-dye', 'Midnight Mirage', '6:15 & E', 'Sound camp with DJ sets nightly', 1785858600.606186, 'Brought in by Ranger patrol', 'Coherent but emotional', 'Needed a quiet place to rest', 'Pillowcase with miscellaneous items', 1786168867.838726, 'Arranged ride with neighbor', 'Still tired but stable', 'Sleeping bag on foam pad', null, '1 meal pog', 'Cold water and energy bar', null),
        (1, 167, 1785591216.699544, null, 'Peaches', 'Raymond Clark', 'Older, gray hair, kind eyes', 'Playa Paradise', '7:15 & A', null, 1785591660.676363, 'Brought by medical team', 'Overheated and flushed', 'Lost vehicle keys, stranded', 'Camelback and hat', 1785685366.980651, 'Called friend for pickup', 'Calm and oriented', 'Reclining chair with shade', 'Fresh socks and underwear', '1 meal pog', 'Water, electrolytes, granola bar', 'Flashlight and batteries'),
        (1, 168, 1786852977.612855, null, 'Twilight', 'Amber Watson', 'Dark curly hair, paint-stained hands, camera around neck', 'Camp Compassion', '8:00 & C', 'Sound camp with DJ sets nightly', 1786852980.793150, 'Walked in from open playa', 'Agitated and anxious', 'Needed a quiet place to rest', 'Purse with personal items', 1787049358.377877, 'Friend drove them home', 'Feeling much better', 'Camp bed with pillow', 'Warm hoodie and socks', 'Dinner pog', 'Sandwich and lemonade', 'Wet wipes and hand sanitizer'),
        (1, 169, 1785789051.460491, null, 'Gadget', 'Jack White', 'Olive skin, septum piercing, combat boots', 'Camp Flamingo', '6:15 & E', 'Dance camp with multiple stages', 1785789240.947438, 'Carried in by campmates', 'Lethargic and dehydrated', 'Minor injury, needed first aid', 'Two bags of clothing and toiletries', 1785999615.667750, 'Friend drove them home', 'Alert and cheerful', 'Cot in shade structure', 'Sun hat and light shirt', '1 meal pog', 'Gatorade and trail mix', null),
        (1, 170, 1786731178.281276, null, 'Spike', 'Olivia Morgan', 'Pink mohawk, leather jacket, steel-toed boots', 'Camp Compassion', '5:00 & C', 'First-year camp, still getting set up', 1786731240.275284, 'Carried in by campmates', 'Lethargic and dehydrated', 'Separated from group during dust storm', 'Duffle bag with camping gear', 1787028686.322182, null, null, 'Cot in shade structure', null, '3 meal pogs', 'Gatorade and trail mix', 'Wet wipes and hand sanitizer'),
        (1, 171, 1787724047.580412, null, 'Hertz', 'Virginia Sanchez', 'Cornrows, gold chains, basketball shorts', 'Fire Circle', '2:15 & A', 'Bike repair and lending camp', 1787724480.112964, 'Transported by art car', 'Overheated and flushed', 'Separated from group during dust storm', 'Small bag with wallet and phone', 1787754054.924758, 'Arranged ride with neighbor', 'Well-fed and rested', 'Blankets on ground pad', null, null, 'Hot tea and oatmeal', null),
        (1, 172, 1787513391.501650, null, 'Coral', 'Donna Reed', 'Tan, aviator sunglasses, utility belt', 'Camp Nebula', '4:15 & C', 'Sound camp with DJ sets nightly', 1787513820.786594, 'Walked over from neighboring camp', 'Confused and disoriented', 'Conflict with campmates', 'Cooler with drinks and first aid kit', 1787794992.609172, 'Picked up by campmates', null, 'Reclining chair with shade', null, null, 'Sandwich and lemonade', 'Dust mask and goggles'),
        (1, 173, 1787167624.957091, null, 'Juniper', 'Ralph Cox', 'Pink mohawk, leather jacket, steel-toed boots', 'The Trading Post', '1:30 & C', 'Small camp of about 20 people with communal kitchen', 1787167800.932204, 'Walked in unassisted', 'Overheated and flushed', 'First time at burn, feeling lost', 'Tote bag with snacks and water', 1787194642.417776, 'Transported by golf cart', 'Rested and rehydrated', 'Camp bed with pillow', 'Windbreaker jacket', null, 'Water, electrolytes, granola bar', 'Map of BRC'),
        (1, 174, 1786351880.607993, null, 'Brook', 'Paul Hill', 'Freckled, pigtails, rainbow suspenders', 'The Commune', '4:15 & C', 'Fire performance camp with nightly shows', 1786351980.896386, 'Self-referred', 'Talkative and friendly', 'Emotional distress after temple visit', 'Water jug and blanket', 1786616930.641590, 'Called friend for pickup', 'Feeling much better', 'Air mattress in tent', null, 'Breakfast pog', 'Sandwich and lemonade', null),
        (1, 175, 1787917393.477880, null, 'Willow', 'Helen Price', 'Stocky, buzzcut, reflective vest', 'Stellar Station', '2:15 & A', null, 1787917920.838862, 'Walked over from neighboring camp', 'Distressed and crying', 'Lost campsite, cannot find way back', 'Nothing - arrived with no possessions', 1787954588.308781, 'Transported by golf cart', 'Good spirits, ready to go', 'Cot in shade structure', 'Fresh socks and underwear', '2 meal pogs', 'Rice and beans with water', 'Sunscreen and aloe vera'),
        (1, 176, 1786275803.194782, null, 'Dakota', 'Randy Brown', 'Young, freckled, wide-brimmed hat', 'Funky Town', '2:00 & E', 'Dance camp with multiple stages', 1786276320.398916, 'Dropped off by friend', 'Cold and shivering', 'Needed shelter from wind storm', 'Water jug and blanket', 1786526904.128783, 'Art car ride back to camp', 'Grateful and cooperative', 'Bean bag in dome', 'Sun hat and light shirt', 'Dinner pog', null, null),
        (1, 177, 1786583181.737894, null, 'Ohm', 'Laura Gray', 'Older, gray hair, kind eyes', 'Desert Dreamers', '12:00 & B', 'Lounge camp with hammocks and shade', 1786583400.944193, 'Arrived via golf cart', 'Alert and oriented', 'Lost campsite, cannot find way back', 'Fanny pack with ID and cash', 1786890628.420297, null, 'Still tired but stable', 'Hammock under canopy', null, '2 meal pogs', 'Fruit, crackers, and juice', 'Dust mask and goggles'),
        (1, 178, 1787524427.213355, null, 'Nebula', 'Lauren Allen', 'Older, gray hair, kind eyes', 'Galactic Gardens', '11:00 & D', null, 1787524860.605139, 'Referred by camp lead', 'Distressed and crying', 'Sunstroke symptoms', 'Water jug and blanket', 1787676437.166938, 'Picked up by campmates', 'Rested and rehydrated', null, 'Thermal blanket wrap', 'Dinner pog', 'Hot tea and oatmeal', null),
        (1, 179, 1786437317.538897, null, 'Becquerel', 'Eugene Hill', 'Older, gray hair, kind eyes', 'Neon Oasis', '6:00 & A', 'First-year camp, still getting set up', 1786437600.524252, 'Walked over from neighboring camp', 'Alert and oriented', 'Seeking medical attention for blisters', 'Duffle bag with camping gear', 1786615265.507135, 'Called friend for pickup', 'Grateful and cooperative', 'Hammock under canopy', 'Clean t-shirt and shorts provided', null, 'Hot tea and oatmeal', 'Dust mask and goggles'),
        (1, 180, 1787534835.234159, null, 'Meteor', 'Natalie Alvarez', 'Young, freckled, wide-brimmed hat', 'Playa Pals', '9:30 & F', null, 1787535420.876909, 'Walked over from neighboring camp', 'Quiet and withdrawn', 'Ran out of water and food', 'Backpack, sleeping bag, and flashlight', 1787913852.371216, 'Friend drove them home', 'Still tired but stable', null, 'Sun hat and light shirt', 'Dinner pog', 'Gatorade and trail mix', 'Wet wipes and hand sanitizer'),
        (1, 181, 1787593337.624788, null, 'Moss', 'Alexander Lewis', 'Freckled, pigtails, rainbow suspenders', 'The Dust Bunny', '4:00 & D', 'Fire performance camp with nightly shows', 1787593680.225636, 'Transported by art car', 'Lethargic and dehydrated', 'Conflict with campmates', 'Camelback and hat', 1787696860.813763, 'Medical transport', 'Feeling much better', 'Camp bed with pillow', 'Clean t-shirt and shorts provided', '1 meal pog', 'Rice and beans with water', 'Earplugs and eye mask'),
        (1, 182, 1786637885.104942, null, 'Coral', 'Emily Sanchez', 'Slim, dark complexion, silver jewelry', 'Playa Paradise', '5:00 & C', 'Dance camp with multiple stages', 1786637940.574012, 'Dropped off by friend', 'Coherent but emotional', 'Needed a quiet place to rest', 'Cooler with drinks and first aid kit', 1786861727.386814, 'Picked up by campmates', 'Improved but cautious', 'Bean bag in dome', 'Sun hat and light shirt', null, null, 'Sunscreen and aloe vera'),
        (1, 183, 1786080798.893612, null, 'Goblin', 'Daniel Taylor', 'Dark curly hair, paint-stained hands, camera around neck', 'Camp Curiosity', '12:00 & B', 'Lounge camp with hammocks and shade', 1786080960.973703, 'Walked in unassisted', 'Sunburned and fatigued', 'Needed shelter from wind storm', 'Duffle bag with camping gear', 1786488969.656829, 'Walked out on own', 'Rested and rehydrated', null, 'Fresh socks and underwear', null, 'Water, electrolytes, granola bar', 'Map of BRC'),
        (1, 184, 1786063126.240288, null, 'Galaxy', 'Helen Taylor', 'Bearded, glasses, Hawaiian shirt', 'Camp Harmony', '6:00 & A', 'Tea and conversation camp, quiet atmosphere', 1786063380.459381, 'Dropped off by friend', 'Confused and disoriented', 'Dehydrated and needed rest', 'Camelback and hat', 1786072742.613989, 'Friend drove them home', 'Improved but cautious', null, null, null, 'Sandwich and lemonade', null),
        (1, 185, 1786514981.150947, null, 'Coulomb', 'Kimberly Ramirez', 'Freckled, pigtails, rainbow suspenders', 'Sunrise Saloon', '5:00 & C', null, 1786515000.722774, 'Dropped off by friend', 'Confused and disoriented', 'Ran out of water and food', 'Tote bag with snacks and water', 1786733693.150290, 'Called friend for pickup', null, 'Cot in shade structure', 'Sarong and flip flops', 'Dinner pog', 'PB&J and coconut water', null),
        (1, 186, 1787370011.794663, null, 'Tweed', 'Victoria Carter', 'Bearded, glasses, Hawaiian shirt', 'Camp Wanderlust', '6:15 & E', null, 1787370060.645583, 'Brought by medical team', 'Calm but tired', 'Overwhelmed by crowds and noise', 'Tote bag with snacks and water', 1787387610.383091, 'Called friend for pickup', 'Stable, given aftercare instructions', 'Cot in shade structure', 'Windbreaker jacket', null, null, 'First aid for minor cuts'),
        (1, 187, 1787254612.529660, null, 'Ace', 'Jeremy Castillo', 'Dark curly hair, paint-stained hands, camera around neck', 'Sparkle Pony Corral', '11:00 & D', 'Sound camp with DJ sets nightly', 1787255040.409698, 'Arrived in personal vehicle', 'Confused and disoriented', 'Needed shelter from wind storm', 'Bicycle and messenger bag', 1787334153.268163, 'Walked to nearby camp', 'Good spirits, ready to go', 'Reclining chair with shade', null, 'Breakfast pog', 'Cold water and energy bar', null),
        (1, 188, 1785691368.376955, null, 'Spark', 'Patricia Bennett', 'Long braids, colorful scarf, tattoo on left arm', 'Sparkle Pony Corral', '11:30 & B', null, 1785691860.586830, 'Dropped off by friend', 'Confused and disoriented', 'Panic attack in large crowd', 'Small bag with wallet and phone', 1785807951.152512, 'Shuttle to gate', null, 'Sleeping bag on foam pad', 'Windbreaker jacket', 'Breakfast pog', 'Rice and beans with water', 'Dust mask and goggles'),
        (1, 189, 1785822603.868677, null, 'Newton', 'Benjamin Diaz', 'Freckled, pigtails, rainbow suspenders', 'Sparkle Pony Corral', '9:00 & D', 'Small camp of about 20 people with communal kitchen', 1785822900.197466, 'Walked in from open playa', 'Cold and shivering', 'Heat exhaustion symptoms', 'Purse with personal items', 1785850780.490722, 'Called friend for pickup', 'Still tired but stable', 'Bean bag in dome', 'Thermal blanket wrap', null, 'Broth, toast, and herbal tea', 'Dust mask and goggles'),
        (1, 190, 1787825050.606121, null, 'Nutmeg', 'Anna Roberts', 'Long beard, coveralls, tool belt', 'Camp Compassion', '8:45 & D', 'Lounge camp with hammocks and shade', 1787825460.941235, 'Found wandering and guided here', 'Overheated and flushed', 'Needed a quiet place to rest', 'Small bag with wallet and phone', 1787892340.696580, 'Escorted by Ranger to camp', null, 'Cot in shade structure', 'Sun hat and light shirt', '1 meal pog', 'Sandwich and lemonade', null),
        (1, 191, 1787407472.429502, null, 'Tau', 'Linda Mendoza', 'Salt-and-pepper beard, flannel shirt, hiking boots', 'Sand Castle', '2:30 & A', 'Healing arts camp offering massage and meditation', 1787407860.112960, 'Carried in by campmates', 'Overheated and flushed', 'Needed shelter from wind storm', 'Small bag with wallet and phone', 1787735569.838793, null, 'Eager to return to camp', 'Camp bed with pillow', 'Clean t-shirt and shorts provided', '1 meal pog', 'Hot tea and oatmeal', null),
        (1, 192, 1787952190.264550, null, 'Reed', 'Doris Baker', 'Stocky, buzzcut, reflective vest', 'Rhythm Ranch', '7:15 & A', 'Sound camp with DJ sets nightly', 1787952780.630126, 'Walked in unassisted', 'Quiet and withdrawn', 'Minor injury, needed first aid', 'Fanny pack with ID and cash', 1788131354.990079, 'Left on bicycle', 'Stable, given aftercare instructions', 'Blankets on ground pad', 'Sun hat and light shirt', '2 meal pogs', 'Water, electrolytes, granola bar', null),
        (1, 193, 1786895624.192295, null, 'Stratus', 'Kathleen Nelson', 'Muscular, shaved head, many bracelets', 'The Watering Hole', '6:00 & A', 'First-year camp, still getting set up', 1786895700.998198, 'Arrived via golf cart', 'Quiet and withdrawn', 'Sunstroke symptoms', 'Duffle bag with camping gear', 1786989619.622669, null, 'Good spirits, ready to go', 'Sleeping bag on foam pad', null, null, 'Broth, toast, and herbal tea', 'Wet wipes and hand sanitizer'),
        (1, 194, 1786788402.965401, null, 'Burlap', 'Elizabeth Bailey', 'Willowy, flower crown, flowing dress', 'Dusty Boots', '11:30 & B', 'Art-focused camp with interactive installations', 1786788420.156911, 'Arrived in personal vehicle', 'Distressed and crying', 'Seeking medical attention for blisters', 'Purse with personal items', 1787056386.956255, 'Friend drove them home', 'Well-fed and rested', null, 'Fresh socks and underwear', null, 'Cold water and energy bar', 'Map of BRC'),
        (1, 195, 1786198376.148001, null, 'Byte', 'Diana Edwards', 'Bearded, glasses, Hawaiian shirt', 'Camp Comfort', '4:15 & C', 'First-year camp, still getting set up', 1786198860.272129, 'Walked in from open playa', 'Coherent but emotional', 'Ran out of water and food', 'Two bags of clothing and toiletries', 1786499740.616342, 'Called friend for pickup', null, 'Reclining chair with shade', null, null, null, 'First aid for minor cuts'),
        (1, 196, 1785969601.790441, null, 'Tau', 'Ronald Harris', 'Bearded, glasses, Hawaiian shirt', 'Stellar Station', '8:00 & C', 'Dance camp with multiple stages', 1785970020.717942, 'Referred by camp lead', 'Sleepy but responsive', 'Overwhelmed by crowds and noise', 'Tote bag with snacks and water', 1786355524.628689, 'Left on bicycle', 'Feeling much better', 'Blankets on ground pad', 'Clean t-shirt and shorts provided', '1 meal pog', 'Rice and beans with water', 'Wet wipes and hand sanitizer'),
        (1, 197, 1785941951.539001, null, 'Waffle', 'Frances Morris', 'Bright blue hair, platform shoes, LED accessories', 'Camp Serenity', '4:15 & C', 'Food-gifting camp serving breakfast daily', 1785942000.738576, 'Brought by medical team', 'Distressed and crying', 'Needed a quiet place to rest', 'Tote bag with snacks and water', 1786227263.826155, null, 'Still tired but stable', 'Sleeping bag on foam pad', 'Sarong and flip flops', null, 'PB&J and coconut water', 'Flashlight and batteries'),
        (1, 198, 1787641869.849086, null, 'Cinnamon', 'Paul Moore', 'Round face, colorful headband, dusty overalls', 'Whiskey & Dust', '7:15 & A', null, 1787642220.404694, 'Self-referred', 'Cold and shivering', 'Lost vehicle keys, stranded', 'Two bags of clothing and toiletries', 1787858018.819964, 'Left on bicycle', null, null, 'Fresh socks and underwear', 'Breakfast pog', 'Fruit, crackers, and juice', null),
        (1, 199, 1786568698.648122, null, 'Candela', 'Sophia Adams', 'Long beard, coveralls, tool belt', 'Sparkle Pony Corral', '4:15 & C', 'Costume and craft camp', 1786568880.211642, 'Arrived via golf cart', 'Intoxicated but cooperative', 'Conflict with campmates', 'Water jug and blanket', 1786948532.126499, 'Called friend for pickup', null, 'Blankets on ground pad', null, 'Dinner pog', 'Sandwich and lemonade', 'Sunscreen and aloe vera'),
        (1, 200, 1786593723.808340, null, 'Sprite', 'Carol Torres', 'Pink mohawk, leather jacket, steel-toed boots', 'Burning Bliss', '2:15 & A', 'Small camp of about 20 people with communal kitchen', 1786593780.875414, 'Brought by medical team', 'Sleepy but responsive', 'Campmates asked them to leave', 'Bicycle and messenger bag', 1786952386.689179, null, 'Well-fed and rested', 'Cot in shade structure', 'Thermal blanket wrap', null, 'Gatorade and trail mix', null);
