insert into EVENT (ID, NAME, IS_GROUP, PARENT_GROUP)
values  (6, 'TestBRC', true, null);

insert into EVENT (ID, NAME, IS_GROUP, PARENT_GROUP)
values  (1, '2025', false, 6),
        (2, '2026', false, 6),
        (3, '2031', false, 6),
        (4, '2032', false, 6),
        (5, 'Test', false, null);

insert into CONCENTRIC_STREET (EVENT, ID, NAME)
values  (1, '0', 'Esplanade'),
        (1, '1', 'Alfa'),
        (1, '2', 'Bravo'),
        (1, '3', 'Charlie'),
        (1, '4', 'Delta'),
        (1, '5', 'Echo'),
        (1, '6', 'Foxtrot'),
        (4, '0', 'Esplanade'),
        (4, '1', 'Arcade'),
        (4, '2', 'Ballyhoo'),
        (4, '3', 'Carny'),
        (4, '4', 'Donniker'),
        (4, '5', 'Ersatz');

insert into EVENT_ACCESS (ID, EVENT, EXPRESSION, MODE, VALIDITY)
values  (1, 6, '*', 'write', 'always'),
        (2, 2, '*', 'read', 'always'),
        (3, 3, '*', 'report', 'always'),
        (4, 4, '*', 'write', 'always');

insert into INCIDENT (EVENT, NUMBER, CREATED, PRIORITY, STATE, STARTED, SUMMARY, LOCATION_NAME, LOCATION_CONCENTRIC, LOCATION_RADIAL_HOUR, LOCATION_RADIAL_MINUTE, LOCATION_DESCRIPTION)
values  (1, 1, 1748459852.644699, 3, 'dispatched', 1748459852.644699, 'Something bad 2025!', 'Dog Camp', null, null, null, null),
        (1, 2, 1748460242.68441, 3, 'new', 1748460242.68441, 'Report from the field 2025', null, null, null, null, null),
        (1, 3, 1756339200.123456, 3, 'new', 1756339200.123456, 'Lost participant near sound camps', 'Camp Questionmark', '2', 9, 30, 'Near the main stage area'),
        (1, 4, 1756342800.234567, 2, 'dispatched', 1756342800.234567, 'Medical request - heat exhaustion', null, '3', 3, 0, 'Open playa near art installation'),
        (1, 5, 1756346400.345678, 4, 'on_scene', 1756346400.345678, 'Noise complaint from neighbors', 'Thunder Dome', '1', 6, 15, null),
        (1, 6, 1756350000.456789, 3, 'closed', 1756350000.456789, 'Suspicious activity reported', null, '4', 7, 45, 'Behind the porto potties'),
        (1, 7, 1756353600.567890, 1, 'dispatched', 1756353600.567890, 'Structure fire at theme camp', 'Burn Garden', '5', 4, 30, 'Main dome structure'),
        (1, 8, 1756357200.678901, 3, 'new', 1756357200.678901, 'Lost child - 8 year old boy', 'Kidsville', '0', 5, 0, 'Near the playground'),
        (1, 9, 1756360800.789012, 5, 'on_hold', 1756360800.789012, 'Request for water delivery', 'Dusty Oasis', '2', 8, 0, null),
        (1, 10, 1756364400.890123, 3, 'dispatched', 1756364400.890123, 'Bicycle theft reported', null, '1', 10, 30, 'At the bike rack near entrance'),
        (1, 11, 1756368000.901234, 2, 'on_scene', 1756368000.901234, 'Medical - possible broken ankle', 'Center Camp', '0', 6, 0, 'Near the rebar stakes'),
        (1, 12, 1756425600.012345, 4, 'new', 1756425600.012345, 'Loud generator after quiet hours', 'RV Row', '6', 2, 15, null),
        (1, 13, 1756429200.123456, 3, 'closed', 1756429200.123456, 'Found wallet with ID', null, '3', 11, 0, 'Near Ranger station'),
        (1, 14, 1756432800.234567, 2, 'dispatched', 1756432800.234567, 'Dehydrated participant needs transport', 'Dustfish', '4', 7, 30, 'Under shade structure near entrance'),
        (1, 15, 1756436400.345678, 3, 'on_scene', 1756436400.345678, 'Dispute between neighbors over shade', null, '2', 4, 45, 'Between two camps'),
        (1, 16, 1756440000.456789, 5, 'new', 1756440000.456789, 'Lost dog - small white terrier', 'Barking Lot', '1', 9, 0, 'Near the dog watering station'),
        (1, 17, 1756443600.567890, 3, 'closed', 1756443600.567890, 'Welfare check requested', 'Camp Sunscreen', '5', 3, 30, 'Third tent from corner'),
        (1, 18, 1756447200.678901, 1, 'dispatched', 1756447200.678901, 'Vehicle accident on road', null, '0', 12, 0, 'Main road intersection'),
        (1, 19, 1756450800.789012, 4, 'on_hold', 1756450800.789012, 'MOOP violation - glitter everywhere', 'Sparkle Pony Corral', '3', 8, 15, null),
        (1, 20, 1756454400.890123, 3, 'new', 1756454400.890123, 'Unattended fire pit', null, '2', 5, 30, 'Center of camp area'),
        (1, 21, 1756512000.901234, 2, 'dispatched', 1756512000.901234, 'Medical - severe sunburn', 'Naked Heart', '4', 10, 0, 'Open area near bar'),
        (1, 22, 1756515600.012345, 3, 'on_scene', 1756515600.012345, 'Abandoned bicycle blocking path', null, '1', 6, 45, 'Main walking path'),
        (1, 23, 1756519200.123456, 4, 'closed', 1756519200.123456, 'Sound complaint - bass too loud', 'Camp Bass Face', '6', 7, 0, 'Front speaker array'),
        (1, 24, 1756522800.234567, 3, 'new', 1756522800.234567, 'Lost keys to RV', 'RV parking area', '5', 2, 30, 'Near row C'),
        (1, 25, 1756526400.345678, 2, 'dispatched', 1756526400.345678, 'Participant having panic attack', null, '3', 9, 15, 'Behind the shade structure'),
        (1, 26, 1756530000.456789, 5, 'on_hold', 1756530000.456789, 'Found child''s stuffed animal', 'Temple', '0', 12, 0, 'Front steps'),
        (1, 27, 1756533600.567890, 3, 'on_scene', 1756533600.567890, 'Art car blocking emergency lane', null, '1', 4, 0, 'Corner of emergency lane'),
        (1, 28, 1756537200.678901, 1, 'dispatched', 1756537200.678901, 'Unresponsive person in tent', 'Camp Anonymous', '2', 11, 30, 'Blue tent near back'),
        (1, 29, 1756540800.789012, 4, 'new', 1756540800.789012, 'Gray water dumping violation', null, '4', 8, 45, 'Near communal kitchen'),
        (1, 30, 1756544400.890123, 3, 'closed', 1756544400.890123, 'Minor cut from rebar', 'Metal Shop', '3', 5, 15, 'Work bench area'),
        (1, 31, 1756548000.901234, 2, 'on_scene', 1756548000.901234, 'Domestic dispute at camp', null, '5', 6, 30, 'Large hexayurt'),
        (1, 32, 1756551600.012345, 3, 'dispatched', 1756551600.012345, 'Lost participant - elderly man confused', 'Center Camp Cafe', '0', 6, 0, 'Near the coffee line'),
        (1, 33, 1756555200.111111, 2, 'new', 1756555200.111111, 'Medical - allergic reaction', 'Camp Anaphylaxis', '3', 7, 15, 'Kitchen prep area'),
        (1, 34, 1756558800.222222, 4, 'dispatched', 1756558800.222222, 'Runaway art car', null, '0', 10, 0, 'Heading toward deep playa'),
        (1, 35, 1756562400.333333, 3, 'on_scene', 1756562400.333333, 'Tent collapse during wind', 'Camp Windbreaker', '2', 4, 30, 'Northwest corner of camp'),
        (1, 36, 1756566000.444444, 5, 'closed', 1756566000.444444, 'Found prescription medication', null, '1', 8, 45, 'On the ground near bike path'),
        (1, 37, 1756569600.555555, 3, 'new', 1756569600.555555, 'Illegal vending reported', 'Capitalist Pig Camp', '4', 3, 0, 'Front of camp near street'),
        (1, 38, 1756573200.666666, 2, 'dispatched', 1756573200.666666, 'Heat stroke symptoms', null, '5', 9, 30, 'Open playa, no shade'),
        (1, 39, 1756576800.777777, 4, 'on_hold', 1756576800.777777, 'Damaged art installation', 'Playa Art Zone', '0', 12, 0, 'Base of sculpture'),
        (1, 40, 1756580400.888888, 3, 'on_scene', 1756580400.888888, 'Lost teenager - 15 year old girl', 'Kidsville', '6', 5, 15, 'Near the swing set'),
        (1, 41, 1756584000.999999, 1, 'dispatched', 1756584000.999999, 'Propane leak at camp', 'Flaming Lotus', '3', 6, 0, 'Behind main cooking area'),
        (1, 42, 1756587600.111111, 3, 'closed', 1756587600.111111, 'Noise complaint resolved', 'Bass Camp', '2', 7, 45, 'Main speaker tower'),
        (1, 43, 1756591200.222222, 4, 'new', 1756591200.222222, 'Unauthorized drone flying', null, '1', 11, 30, 'Above the crowd'),
        (1, 44, 1756594800.333333, 2, 'on_scene', 1756594800.333333, 'Assault reported', 'Camp Consent', '4', 2, 15, 'Inside main tent'),
        (1, 45, 1756598400.444444, 3, 'dispatched', 1756598400.444444, 'Bicycle collision with pedestrian', null, '5', 8, 0, 'At the crosswalk'),
        (1, 46, 1756602000.555555, 5, 'on_hold', 1756602000.555555, 'Lost camera equipment', 'Media Mecca', '0', 4, 45, 'Near equipment storage'),
        (1, 47, 1756605600.666666, 3, 'new', 1756605600.666666, 'Illegal fireworks', null, '6', 10, 30, 'Behind the camp fence'),
        (1, 48, 1756609200.777777, 2, 'closed', 1756609200.777777, 'Medical transport completed', 'Rampart', '3', 3, 15, 'Medical station entrance'),
        (1, 49, 1756612800.888888, 4, 'dispatched', 1756612800.888888, 'Unlicensed radio broadcast', 'Pirate Radio Camp', '2', 9, 0, 'Antenna on top of RV'),
        (1, 50, 1756616400.999999, 3, 'on_scene', 1756616400.999999, 'Domestic disturbance', null, '1', 5, 45, 'Small dome tent'),
        (1, 51, 1756620000.111111, 1, 'dispatched', 1756620000.111111, 'Structure fire - small', 'Burn Platform', '4', 6, 30, 'Single tent on east side'),
        (1, 52, 1756623600.222222, 3, 'new', 1756623600.222222, 'Found child - toddler alone', null, '5', 12, 0, 'Near the Man base'),
        (1, 53, 1756627200.333333, 4, 'on_hold', 1756627200.333333, 'Parking dispute', 'RV Alley', '0', 7, 15, 'Space 47'),
        (1, 54, 1756630800.444444, 2, 'on_scene', 1756630800.444444, 'Diabetic emergency', 'Camp Sugar Free', '6', 2, 0, 'Main shade structure'),
        (1, 55, 1756634400.555555, 3, 'closed', 1756634400.555555, 'Suspicious package - cleared', null, '3', 8, 45, 'Under a bench'),
        (1, 56, 1756638000.666666, 5, 'new', 1756638000.666666, 'Lost wallet', 'Center Camp', '2', 4, 30, 'Near the cafe counter'),
        (1, 57, 1756641600.777777, 3, 'dispatched', 1756641600.777777, 'Intoxicated person needs help', null, '1', 11, 15, 'Wandering near street'),
        (1, 58, 1756645200.888888, 2, 'on_scene', 1756645200.888888, 'Seizure in progress', 'Camp Medic', '4', 3, 0, 'Inside first aid tent'),
        (1, 59, 1756648800.999999, 4, 'dispatched', 1756648800.999999, 'Stolen generator', 'Power Camp', '5', 9, 45, 'Was chained to post'),
        (1, 60, 1756652400.111111, 3, 'closed', 1756652400.111111, 'Welfare check - all clear', null, '0', 5, 30, 'Red yurt'),
        (1, 61, 1756656000.222222, 1, 'new', 1756656000.222222, 'Vehicle vs pedestrian', 'Main Road', '6', 6, 0, 'Intersection near lamp post'),
        (1, 62, 1756659600.333333, 3, 'on_hold', 1756659600.333333, 'Camp boundary dispute', null, '3', 10, 15, 'Property line between camps'),
        (1, 63, 1756663200.444444, 4, 'on_scene', 1756663200.444444, 'Lost service animal', 'Camp Woof', '2', 7, 0, 'Dog sitting area'),
        (1, 64, 1756666800.555555, 2, 'dispatched', 1756666800.555555, 'Chest pain reported', null, '1', 2, 45, 'Sitting under shade tarp'),
        (1, 65, 1756670400.666666, 3, 'new', 1756670400.666666, 'Harassment complaint', 'Camp Respect', '4', 8, 30, 'Bar area'),
        (1, 66, 1756674000.777777, 5, 'closed', 1756674000.777777, 'Found bicycle', null, '5', 4, 15, 'Leaning against art piece'),
        (1, 67, 1756677600.888888, 3, 'on_scene', 1756677600.888888, 'Food poisoning suspected', 'Camp Kitchen', '0', 11, 0, 'Communal dining table'),
        (1, 68, 1756681200.999999, 2, 'dispatched', 1756681200.999999, 'Severe laceration', null, '6', 3, 45, 'Near metal sculpture'),
        (1, 69, 1756684800.111111, 4, 'new', 1756684800.111111, 'Illegal camping outside city', 'Perimeter', '3', 9, 30, 'About 1 mile from trash fence'),
        (1, 70, 1756688400.222222, 3, 'on_hold', 1756688400.222222, 'Lost prescription glasses', 'Temple', '2', 5, 0, 'East entrance'),
        (1, 71, 1756692000.333333, 1, 'on_scene', 1756692000.333333, 'Unresponsive in porta potty', null, '1', 6, 15, 'Row 3, unit 7'),
        (1, 72, 1756695600.444444, 3, 'closed', 1756695600.444444, 'Sound complaint - music stopped', 'Quiet Camp', '4', 12, 0, 'Eastern boundary'),
        (1, 73, 1756699200.555555, 4, 'dispatched', 1756699200.555555, 'Graffiti on art car', null, '5', 7, 45, 'Driver side door'),
        (1, 74, 1756702800.666666, 2, 'new', 1756702800.666666, 'Breathing difficulty', 'Dust Camp', '0', 2, 30, 'Central gathering space'),
        (1, 75, 1756706400.777777, 3, 'on_scene', 1756706400.777777, 'Verbal altercation escalating', null, '6', 8, 0, 'Open area between camps'),
        (1, 76, 1756710000.888888, 5, 'on_hold', 1756710000.888888, 'Lost phone', 'Dance Floor Alpha', '3', 4, 15, 'Near DJ booth'),
        (1, 77, 1756713600.999999, 3, 'dispatched', 1756713600.999999, 'Camping in fire lane', null, '2', 11, 30, 'Fire lane marker 12'),
        (1, 78, 1756717200.111111, 2, 'closed', 1756717200.111111, 'Medical - ankle sprain', 'First Aid', '1', 3, 45, 'Treatment area B'),
        (1, 79, 1756720800.222222, 4, 'new', 1756720800.222222, 'Unattended cooler on playa', null, '4', 9, 0, 'Open playa near trash fence'),
        (1, 80, 1756724400.333333, 3, 'on_scene', 1756724400.333333, 'Dispute over shared generator', 'Power Share Camp', '5', 5, 15, 'Generator shed'),
        (1, 81, 1756728000.444444, 1, 'dispatched', 1756728000.444444, 'Unconscious person', null, '0', 6, 30, 'On the ground near bike rack'),
        (1, 82, 1756731600.555555, 3, 'new', 1756731600.555555, 'Reckless driving - art car', 'Main Thoroughfare', '6', 10, 45, 'Near the intersection'),
        (1, 83, 1756735200.666666, 4, 'on_hold', 1756735200.666666, 'Lost hearing aid', null, '3', 7, 0, 'Somewhere in the dust'),
        (1, 84, 1756738800.777777, 2, 'on_scene', 1756738800.777777, 'Dehydration - confused speech', 'Shade Structure', '2', 2, 15, 'Under main canopy'),
        (1, 85, 1756742400.888888, 3, 'closed', 1756742400.888888, 'Found child reunited', 'Kidsville', '1', 8, 30, 'Info booth'),
        (1, 86, 1756746000.999999, 5, 'dispatched', 1756746000.999999, 'Abandoned bicycle pile', null, '4', 4, 45, 'Blocking main walkway'),
        (1, 87, 1756749600.111111, 3, 'new', 1756749600.111111, 'Aggressive panhandling', 'Center Camp Cafe', '5', 11, 0, 'At the entrance'),
        (1, 88, 1756753200.222222, 2, 'on_scene', 1756753200.222222, 'Eye injury from dust', null, '0', 3, 15, 'Near dust devil path'),
        (1, 89, 1756756800.333333, 4, 'dispatched', 1756756800.333333, 'Illegal burn - daytime', 'Rogue Camp', '6', 9, 30, 'Fire pit area'),
        (1, 90, 1756760400.444444, 3, 'on_hold', 1756760400.444444, 'Lost passport', null, '3', 5, 45, 'Last seen at temple'),
        (1, 91, 1756764000.555555, 1, 'new', 1756764000.555555, 'Major laceration - heavy bleeding', 'Art Build', '2', 6, 0, 'Power tool work area'),
        (1, 92, 1756767600.666666, 3, 'closed', 1756767600.666666, 'Noise resolved - generator off', null, '1', 10, 15, 'Camp back corner'),
        (1, 93, 1756771200.777777, 4, 'on_scene', 1756771200.777777, 'Illegal substance found', 'Lost and Found', '4', 7, 30, 'Drop box area'),
        (1, 94, 1756774800.888888, 2, 'dispatched', 1756774800.888888, 'Hyperthermia symptoms', null, '5', 2, 45, 'No shade nearby'),
        (1, 95, 1756778400.999999, 3, 'new', 1756778400.999999, 'Stalking behavior reported', 'Camp Safety', '0', 8, 0, 'Perimeter of camp'),
        (1, 96, 1756782000.111111, 5, 'on_hold', 1756782000.111111, 'Lost costume pieces', null, '6', 4, 15, 'Near costume lending library'),
        (1, 97, 1756785600.222222, 3, 'on_scene', 1756785600.222222, 'Camp flooding from gray water', 'Splash Zone', '3', 11, 30, 'Near broken evap pond'),
        (1, 98, 1756789200.333333, 2, 'closed', 1756789200.333333, 'Medical transport to hospital', null, '2', 3, 45, 'Ambulance staging area'),
        (1, 99, 1756792800.444444, 4, 'dispatched', 1756792800.444444, 'Photo harassment', 'No Photo Camp', '1', 9, 0, 'At camp entrance'),
        (1, 100, 1756796400.555555, 3, 'new', 1756796400.555555, 'Generator fuel spill', null, '4', 5, 15, 'Behind generator area'),
        (1, 101, 1756800000.666666, 1, 'on_scene', 1756800000.666666, 'Heart attack symptoms', 'Camp Cardio', '5', 6, 30, 'Inside main dome'),
        (1, 102, 1756803600.777777, 3, 'on_hold', 1756803600.777777, 'Lost wedding ring', null, '0', 10, 45, 'Somewhere near temple'),
        (1, 103, 1756807200.888888, 4, 'dispatched', 1756807200.888888, 'Underage drinking', 'Party Camp', '6', 7, 0, 'Back bar area'),
        (1, 104, 1756810800.999999, 2, 'new', 1756810800.999999, 'Allergic reaction - severe', null, '3', 2, 15, 'Food service area'),
        (1, 105, 1756814400.111111, 3, 'closed', 1756814400.111111, 'Bike returned to owner', 'Bike Repair', '2', 8, 30, 'At repair stand'),
        (1, 106, 1756818000.222222, 5, 'on_scene', 1756818000.222222, 'Shade structure unstable', null, '1', 4, 45, 'Large parachute shade'),
        (1, 107, 1756821600.333333, 3, 'dispatched', 1756821600.333333, 'Lost elderly participant', 'Senior Camp', '4', 11, 0, 'Near accessible ramp'),
        (1, 108, 1756825200.444444, 2, 'on_hold', 1756825200.444444, 'Severe back pain', null, '5', 3, 15, 'Inside large tent'),
        (1, 109, 1756828800.555555, 4, 'new', 1756828800.555555, 'Illegal commerce - ticket scalping', 'Gate Road', '0', 9, 30, 'Near gate entrance'),
        (1, 110, 1756832400.666666, 3, 'on_scene', 1756832400.666666, 'Verbal threats made', null, '6', 5, 45, 'Between two RVs'),
        (1, 111, 1756836000.777777, 1, 'closed', 1756836000.777777, 'Fire extinguished', 'Burn Barrel', '3', 6, 0, 'Contained burn area'),
        (1, 112, 1756839600.888888, 3, 'dispatched', 1756839600.888888, 'Lost child - 6 year old', null, '2', 10, 15, 'Last seen near art car'),
        (1, 113, 1756843200.999999, 4, 'new', 1756843200.999999, 'Loud argument at 4am', 'Sleepy Hollow', '1', 7, 30, 'Center of quiet camp'),
        (1, 114, 1756846800.111111, 2, 'on_scene', 1756846800.111111, 'Broken leg suspected', null, '4', 2, 45, 'Base of art car'),
        (1, 115, 1756850400.222222, 3, 'on_hold', 1756850400.222222, 'Missing cooler full of food', 'Camp Feast', '5', 8, 0, 'Was near kitchen tent'),
        (1, 116, 1756854000.333333, 5, 'closed', 1756854000.333333, 'Found keys returned', null, '0', 4, 15, 'Turned in at lost and found'),
        (1, 117, 1756857600.444444, 3, 'dispatched', 1756857600.444444, 'Unsafe fire spinning', 'Flow Arts', '6', 11, 30, 'Performance circle'),
        (1, 118, 1756861200.555555, 2, 'new', 1756861200.555555, 'Hypothermia - night exposure', null, '3', 3, 45, 'Open playa, no shelter'),
        (1, 119, 1756864800.666666, 4, 'on_scene', 1756864800.666666, 'Theft from tent', 'Camp Trust', '2', 9, 0, 'Personal sleeping tent'),
        (1, 120, 1756868400.777777, 3, 'on_hold', 1756868400.777777, 'Lost medication - insulin', null, '1', 5, 15, 'Left in cooler somewhere'),
        (1, 121, 1756872000.888888, 1, 'dispatched', 1756872000.888888, 'Multiple vehicle accident', 'Art Car Parade', '4', 6, 30, 'Parade route intersection'),
        (1, 122, 1756875600.999999, 3, 'closed', 1756875600.999999, 'Neighbor dispute resolved', null, '5', 10, 45, 'Shared camp boundary'),
        (1, 123, 1756879200.111111, 4, 'new', 1756879200.111111, 'Illegal laser pointed at aircraft', 'Star Camp', '0', 7, 0, 'Observation tower'),
        (1, 124, 1756882800.222222, 2, 'on_scene', 1756882800.222222, 'Drug overdose suspected', null, '6', 2, 15, 'Inside private tent'),
        (1, 125, 1756886400.333333, 3, 'dispatched', 1756886400.333333, 'Missing person - adult', 'Camp Reunion', '3', 8, 30, 'Last seen at camp entrance'),
        (1, 126, 1756890000.444444, 5, 'on_hold', 1756890000.444444, 'Found bag of clothes', null, '2', 4, 45, 'Near temple entrance'),
        (1, 127, 1756893600.555555, 3, 'new', 1756893600.555555, 'Unleashed aggressive dog', 'Dog Run', '1', 11, 0, 'Dog exercise area'),
        (1, 128, 1756897200.666666, 2, 'closed', 1756897200.666666, 'Panic attack resolved', null, '4', 3, 15, 'Quiet corner of camp'),
        (1, 129, 1756900800.777777, 4, 'on_scene', 1756900800.777777, 'Art installation hazard', 'Danger Art', '5', 9, 30, 'North side of sculpture'),
        (1, 130, 1756904400.888888, 3, 'dispatched', 1756904400.888888, 'Domestic violence report', null, '0', 5, 45, 'Private RV'),
        (1, 131, 1756908000.999999, 1, 'new', 1756908000.999999, 'Electrocution - minor shock', 'LED Camp', '6', 6, 0, 'At electrical panel'),
        (1, 132, 1756911600.111111, 3, 'on_hold', 1756911600.111111, 'Lost inhaler', null, '3', 10, 15, 'Possibly at dance floor'),
        (1, 133, 1756915200.222222, 4, 'closed', 1756915200.222222, 'Sound check completed', 'Sound Camp', '2', 7, 30, 'Main stage'),
        (1, 134, 1756918800.333333, 2, 'on_scene', 1756918800.333333, 'Compound fracture', null, '1', 2, 45, 'Near construction debris'),
        (1, 135, 1756922400.444444, 3, 'dispatched', 1756922400.444444, 'Sexual assault reported', 'Safe Space', '4', 8, 0, 'Private support tent'),
        (1, 136, 1756926000.555555, 5, 'new', 1756926000.555555, 'Lost art piece', null, '5', 4, 15, 'Was displayed on table'),
        (1, 137, 1756929600.666666, 3, 'on_hold', 1756929600.666666, 'Gray water leak ongoing', 'Camp Drip', '0', 11, 30, 'Near evaporation pond'),
        (1, 138, 1756933200.777777, 2, 'closed', 1756933200.777777, 'Heat exhaustion treated', null, '6', 3, 45, 'Under medical shade tent'),
        (1, 139, 1756936800.888888, 4, 'on_scene', 1756936800.888888, 'Counterfeit tickets', 'Gate', '3', 9, 0, 'Will call window'),
        (1, 140, 1756940400.999999, 3, 'dispatched', 1756940400.999999, 'Bike vs bike collision', null, '2', 5, 15, 'Bike path intersection'),
        (1, 141, 1756944000.111111, 1, 'new', 1756944000.111111, 'Severe allergic reaction', 'Food Camp', '1', 6, 30, 'Dining area'),
        (1, 142, 1756947600.222222, 3, 'on_hold', 1756947600.222222, 'Noise from generator', null, '4', 10, 45, 'Back of camp near generator'),
        (1, 143, 1756951200.333333, 4, 'closed', 1756951200.333333, 'Lost person found', 'Info Booth', '5', 7, 0, 'At information kiosk'),
        (1, 144, 1756954800.444444, 2, 'on_scene', 1756954800.444444, 'Burn injury - first degree', null, '0', 2, 15, 'Near fire sculpture'),
        (1, 145, 1756958400.555555, 3, 'dispatched', 1756958400.555555, 'Suspicious person', 'Camp Watch', '6', 8, 30, 'Perimeter fence'),
        (1, 146, 1756962000.666666, 5, 'new', 1756962000.666666, 'MOOP - large debris field', null, '3', 4, 45, 'Behind dismantled camp'),
        (1, 147, 1756965600.777777, 3, 'on_scene', 1756965600.777777, 'Intoxicated driving art car', 'Art Car Zone', '2', 11, 0, 'On main art car route'),
        (1, 148, 1756969200.888888, 2, 'closed', 1756969200.888888, 'Migraine - medication given', null, '1', 3, 15, 'Shaded rest area'),
        (1, 149, 1756972800.999999, 4, 'dispatched', 1756972800.999999, 'Camp boundary violation', 'Expanding Camp', '4', 9, 30, 'Eastern camp edge'),
        (1, 150, 1756976400.111111, 3, 'on_hold', 1756976400.111111, 'Found credit cards', null, '5', 5, 45, 'On ground near porta potties'),
        (1, 151, 1756980000.222222, 1, 'new', 1756980000.222222, 'Collapsed structure with people inside', 'Dome Camp', '0', 6, 0, 'Main geodesic dome'),
        (1, 152, 1756983600.333333, 3, 'on_scene', 1756983600.333333, 'Underage participant alone', null, '6', 10, 15, 'Walking near open playa'),
        (1, 153, 1756987200.444444, 4, 'closed', 1756987200.444444, 'Fire lane cleared', 'Emergency Access', '3', 7, 30, 'Fire lane marker 8'),
        (1, 154, 1756990800.555555, 2, 'dispatched', 1756990800.555555, 'Diabetic coma symptoms', null, '2', 2, 45, 'In personal tent'),
        (1, 155, 1756994400.666666, 3, 'new', 1756994400.666666, 'Threatening behavior', 'Peaceful Camp', '1', 8, 0, 'Main gathering area'),
        (1, 156, 1756998000.777777, 5, 'on_hold', 1756998000.777777, 'Lost sunglasses', null, '4', 4, 15, 'Maybe at dance camp'),
        (1, 157, 1757001600.888888, 3, 'on_scene', 1757001600.888888, 'Illegal amplified sound', 'Quiet Zone', '5', 11, 30, 'West side of quiet area'),
        (1, 158, 1757005200.999999, 2, 'closed', 1757005200.999999, 'Nosebleed from dry air', null, '0', 3, 45, 'Under shade structure'),
        (1, 159, 1757008800.111111, 4, 'dispatched', 1757008800.111111, 'Harassment via megaphone', 'Sound System Camp', '6', 9, 0, 'Front of speaker array'),
        (1, 160, 1757012400.222222, 3, 'new', 1757012400.222222, 'Pet snake escaped', null, '3', 5, 15, 'Escaped from tank in tent'),
        (1, 161, 1757016000.333333, 1, 'on_scene', 1757016000.333333, 'Stabbing reported', 'Camp Conflict', '2', 6, 30, 'Back alley between tents'),
        (1, 162, 1757019600.444444, 3, 'on_hold', 1757019600.444444, 'Ice delivery dispute', null, '1', 10, 45, 'Ice distribution point'),
        (1, 163, 1757023200.555555, 4, 'closed', 1757023200.555555, 'Lost child reunited', 'Kidsville', '4', 7, 0, 'At the playground'),
        (1, 164, 1757026800.666666, 2, 'dispatched', 1757026800.666666, 'Vomiting blood', null, '5', 2, 15, 'Inside camp medical tent'),
        (1, 165, 1757030400.777777, 3, 'new', 1757030400.777777, 'Fire hazard - oily rags', 'Workshop', '0', 8, 30, 'In metal container'),
        (1, 166, 1757034000.888888, 5, 'on_scene', 1757034000.888888, 'Lost backpack', null, '6', 4, 45, 'Last seen on bench'),
        (1, 167, 1757037600.999999, 3, 'on_hold', 1757037600.999999, 'Ongoing noise issue', 'Bass Camp', '3', 11, 0, 'Subwoofer array'),
        (1, 168, 1757041200.111111, 2, 'closed', 1757041200.111111, 'Sprained wrist wrapped', null, '2', 3, 15, 'At first aid station'),
        (1, 169, 1757044800.222222, 4, 'dispatched', 1757044800.222222, 'Public urination', 'Art Alley', '1', 9, 30, 'Behind art installation'),
        (1, 170, 1757048400.333333, 3, 'new', 1757048400.333333, 'Camp fire too large', null, '4', 5, 45, 'Central fire pit'),
        (1, 171, 1757052000.444444, 1, 'on_scene', 1757052000.444444, 'Respiratory distress', 'Dust Bowl', '5', 6, 0, 'In dusty low area'),
        (1, 172, 1757055600.555555, 3, 'on_hold', 1757055600.555555, 'Stolen bike report', null, '0', 10, 15, 'Was locked at bike rack'),
        (1, 173, 1757059200.666666, 4, 'closed', 1757059200.666666, 'Generator noise stopped', 'RV Park', '6', 7, 30, 'Row F, space 12'),
        (1, 174, 1757062800.777777, 2, 'dispatched', 1757062800.777777, 'Head injury from fall', null, '3', 2, 45, 'Fell from art structure'),
        (1, 175, 1757066400.888888, 3, 'new', 1757066400.888888, 'Unauthorized photography', 'Sanctuary', '2', 8, 0, 'Private ritual space'),
        (1, 176, 1757070000.999999, 5, 'on_scene', 1757070000.999999, 'Lost keys to bike lock', null, '1', 4, 15, 'Bike locked at Center Camp'),
        (1, 177, 1757073600.111111, 3, 'on_hold', 1757073600.111111, 'Food sharing violation', 'Kitchen Camp', '4', 11, 30, 'Main serving area'),
        (1, 178, 1757077200.222222, 2, 'closed', 1757077200.222222, 'Asthma attack controlled', null, '5', 3, 45, 'Rest area with clean air'),
        (1, 179, 1757080800.333333, 4, 'dispatched', 1757080800.333333, 'Prowler reported', 'Night Watch', '0', 9, 0, 'Around camp perimeter'),
        (1, 180, 1757084400.444444, 3, 'new', 1757084400.444444, 'Improper waste disposal', null, '6', 5, 15, 'Behind porta potty row'),
        (1, 181, 1757088000.555555, 1, 'on_scene', 1757088000.555555, 'Multiple casualties - structure collapse', 'Big Top', '3', 6, 30, 'Under collapsed tent poles'),
        (1, 182, 1757091600.666666, 3, 'on_hold', 1757091600.666666, 'Lost dentures', null, '2', 10, 45, 'Somewhere at Center Camp'),
        (1, 183, 1757095200.777777, 4, 'closed', 1757095200.777777, 'Bike lock cut - owner verified', 'Bike Valet', '1', 7, 0, 'Valet check-in area'),
        (1, 184, 1757098800.888888, 2, 'dispatched', 1757098800.888888, 'Second degree burns', null, '4', 2, 15, 'Fire performance area'),
        (1, 185, 1757102400.999999, 3, 'new', 1757102400.999999, 'Animal cruelty concern', 'Pet Camp', '5', 8, 30, 'Parked car in lot'),
        (1, 186, 1757106000.111111, 5, 'on_scene', 1757106000.111111, 'Lost water bottle', null, '0', 4, 45, 'Near hydration station'),
        (1, 187, 1757109600.222222, 3, 'on_hold', 1757109600.222222, 'Dispute over art car ride', 'Party Bus', '6', 11, 0, 'At boarding platform'),
        (1, 188, 1757113200.333333, 2, 'closed', 1757113200.333333, 'Concussion evaluated', null, '3', 3, 15, 'Medical evaluation tent'),
        (1, 189, 1757116800.444444, 4, 'dispatched', 1757116800.444444, 'Public intoxication', 'Center Camp', '2', 9, 30, 'Near coffee service'),
        (1, 190, 1757120400.555555, 3, 'new', 1757120400.555555, 'Dangerous guy wires', null, '1', 5, 45, 'Unmarked near pathway'),
        (1, 191, 1757124000.666666, 1, 'on_scene', 1757124000.666666, 'Cardiac arrest', 'Dance Floor', '4', 6, 0, 'Center of dance floor'),
        (1, 192, 1757127600.777777, 3, 'on_hold', 1757127600.777777, 'Lost medication bag', null, '5', 10, 15, 'Possibly in shared tent'),
        (1, 193, 1757131200.888888, 4, 'closed', 1757131200.888888, 'False alarm - fire', 'Smoke Signal', '0', 7, 30, 'Near smoke effects'),
        (1, 194, 1757134800.999999, 2, 'dispatched', 1757134800.999999, 'Broken arm', null, '6', 2, 45, 'Bottom of ladder'),
        (1, 195, 1757138400.111111, 3, 'new', 1757138400.111111, 'Bike pile blocking path', 'Bike Parking', '3', 8, 0, 'Main bike parking area'),
        (1, 196, 1757142000.222222, 5, 'on_scene', 1757142000.222222, 'Found set of keys', null, '2', 4, 15, 'On ground near bench'),
        (1, 197, 1757145600.333333, 3, 'on_hold', 1757145600.333333, 'Sound level mediation', 'Sound Camp B', '1', 11, 30, 'Camp boundary line'),
        (1, 198, 1757149200.444444, 2, 'closed', 1757149200.444444, 'Fainting spell resolved', null, '4', 3, 45, 'Shade tent seating'),
        (1, 199, 1757152800.555555, 4, 'dispatched', 1757152800.555555, 'Indecent exposure complaint', 'Family Area', '5', 9, 0, 'Near Kidsville entrance'),
        (1, 200, 1757156400.666666, 3, 'new', 1757156400.666666, 'Abandoned vehicle on playa', null, '0', 5, 15, 'Deep playa near trash fence'),
        (1, 201, 1757160000.777777, 1, 'on_scene', 1757160000.777777, 'Gas leak - large tank', 'Propane Depot', '6', 6, 30, 'Main propane storage'),
        (1, 202, 1757163600.888888, 3, 'closed', 1757163600.888888, 'Lost wallet returned', null, '3', 10, 45, 'Turned in at Ranger station'),
        (2, 1, 1748459852.644699, 3, 'dispatched', 1748459852.644699, 'Something bad 2026!', 'Dog Camp', null, null, null, null),
        (2, 2, 1748460242.68441, 3, 'new', 1748460242.68441, 'Report from the field 2026', null, null, null, null, null);

insert into FIELD_REPORT (EVENT, NUMBER, CREATED, SUMMARY, INCIDENT_NUMBER)
values  (1, 1, 1748460231.287398, 'Report from the field', 2);

insert into REPORT_ENTRY (ID, AUTHOR, TEXT, CREATED, GENERATED, STRICKEN, ATTACHED_FILE)
values  (1, 'Abraham', 'Changed priority: 3
Changed state: new
Changed summary: Something bad!', 1748459852.649554, 1, 0, null),
        (2, 'Abraham', 'Changed state: dispatched', 1748459854.045146, 1, 0, null),
        (3, 'Abraham', 'Added Ranger: Hardware', 1748460179.390828, 1, 0, null),
        (4, 'Abraham', 'Added Ranger: Defect', 1748460180.76589, 1, 0, null),
        (5, 'Abraham', 'Added type: Admin', 1748460183.617861, 1, 0, null),
        (6, 'Abraham', 'Added type: MOOP', 1748460184.78715, 1, 0, null),
        (7, 'Abraham', 'Changed location name: Dog Camp', 1748460192.069875, 1, 0, null),
        (8, 'Abraham', 'Changed location radial hour: 2', 1748460193.558534, 1, 0, null),
        (9, 'Abraham', 'Changed location radial minute: 10', 1748460194.422526, 1, 0, null),
        (10, 'Abraham', 'Changed location concentric: 2', 1748460196.736211, 1, 0, null),
        (11, 'Abraham', 'Something happened!', 1748460208.873552, 0, 0, null),
        (12, 'Abraham', 'Changed summary to: Report from the field', 1748460231.289929, 1, 0, null),
        (13, 'Abraham', 'Something happened out in the dust', 1748460241.587492, 0, 0, null),
        (14, 'Abraham', 'Changed summary: Report from the field
Added Ranger: Abraham', 1748460242.688133, 1, 0, null),
        (15, 'Abraham', 'Attached to incident: 2', 1748460242.696368, 1, 0, null),
        (16, 'Abraham', 'Added Ranger: Loosy', 1748460254.830443, 1, 0, null),
        (17, 'Abraham', 'Removed Ranger: Abraham', 1748460256.071517, 1, 0, null);

insert into FIELD_REPORT__REPORT_ENTRY (EVENT, FIELD_REPORT_NUMBER, REPORT_ENTRY)
values  (1, 1, 12),
        (1, 1, 13),
        (1, 1, 15);

insert into INCIDENT_TYPE (ID, NAME, HIDDEN)
values  (3, 'Sound Complaint', 0),
        (4, 'Found Child', 0),
        (5, 'Lost Child', 0),
        (6, 'MOOP', 0),
        (7, 'Medical', 0),
        (8, 'Transport', 0);

insert into INCIDENT__INCIDENT_TYPE (EVENT, INCIDENT_NUMBER, INCIDENT_TYPE)
values  (1, 1, 1),
        (1, 1, 6);

insert into INCIDENT__RANGER (ID, EVENT, INCIDENT_NUMBER, RANGER_HANDLE)
values  (1, 1, 1, 'Hardware'),
        (2, 1, 1, 'Defect'),
        (4, 1, 2, 'Loosy');

insert into INCIDENT__REPORT_ENTRY (EVENT, INCIDENT_NUMBER, REPORT_ENTRY)
values  (1, 1, 1),
        (1, 1, 2),
        (1, 1, 3),
        (1, 1, 4),
        (1, 1, 5),
        (1, 1, 6),
        (1, 1, 7),
        (1, 1, 8),
        (1, 1, 9),
        (1, 1, 10),
        (1, 1, 11),
        (1, 2, 14),
        (1, 2, 16),
        (1, 2, 17);

insert into DESTINATION (EVENT, TYPE, NUMBER, NAME, LOCATION_STRING, EXTERNAL_DATA)
values  (1, 'camp', 0, 'Ranger Outpost Berlin', '3:00 & C', '{"contact_email":"rangers@burningman.org","description":"Ranger Outpost Berlin - The Black Rock Ranger Station in the 3:00 sector where participants in need of assistance can\\nseek out the help of a friendly Black Rock Ranger. Located at 3:00 and C.","hometown":"Black Rock City","images":[],"landmark":"Ranger Outpost Berlin","location":{"dimensions":"100+ x 300","exact_location":"Corner - facing man \\u0026 6:00","frontage":"3:00","intersection":"C","intersection_type":"\\u0026"},"location_string":"3:00 \\u0026 C","name":"Ranger Outpost Berlin","uid":"a1XVI00000A0O7p2AF","url":"https://rangers.burningman.org","year":2025}'),
        (1, 'camp', 1, 'Kidsville', '5:00 & E', '{"contact_email":null,"description":"Burning Man\'s best place for kids!  Come enjoy our trampolines, playgrounds, kid-friendly treats, and meet other families that burn with people under 18.","hometown":null,"images":[],"landmark":"Big Rainbow \\"Kidsville\\" Perimeter","location":{"dimensions":"450 x 575-","exact_location":"Corner - facing man \\u0026 2:00","frontage":"5:00","intersection":"E","intersection_type":"\\u0026"},"location_string":"5:00 \\u0026 E","name":"Kidsville","uid":"a1XVI000009Cb532AC","url":"http://kidsville.org","year":2025}'),
        (1, 'art', 0, 'Temple of the Deep', '12:00 2500\', Open Playa', '{"artist":"Miguel Arraiz","category":"Open Playa","contact_email":null,"description":"The Temple of the Deep is a sanctuary for grief, love, and introspection, formed beneath a massive black stone that appears to hover above participants. This dark, fractured element symbolizes the weight of loss and the strength found in healing, inspired by kintsugi, where brokenness is embraced and honored. Seven narrow entrances guide visitors through the journey of mourning, leading to a central gathering space mirroring BRC\'s layout. Alcoves and chapels offer solitude and remembrance, while the seamless integration with the desert transforms sorrow into connection, grounding participants in shared reflection.","donation_link":null,"guided_tours":false,"hometown":"Valencia, Spain","images":[{"gallery_ref":null,"thumbnail_url":null}],"location":{"category":"Open Playa","distance":2500,"gps_latitude":40.791799176283455,"gps_longitude":-119.19660218660613,"hour":12,"minute":0},"location_string":"12:00 2500\', Open Playa","name":"Temple of the Deep","program":"Honorarium","self_guided_tour_map":true,"uid":"a2IVI000000yWeZ2AU","url":"https://www.2025temple.com/","year":2025}'),
        (1, 'other', 0, 'Ranger Outpost Geneva', '7:20 & H', '{"contact_email":null,"description":"It\'s Ranger Outpost Geneva!","hometown":null,"images":[],"landmark":"A bunch of Rangers","location_string":"7:20 \\u0026 H","name":"Ranger Outpost Geneva","year":2025}');
